code,name,start_date,end_date
000001,平安银行,2005-04-08,
000002,万科A,2005-04-08,
000008,神州高铁,2016-12-12,2018-06-11
000009,深宝安Ａ,2005-04-08,2017-12-11
000012,南玻Ａ,2005-04-08,2014-12-15
000016,深康佳Ａ,2005-04-08,2006-07-03
000021,深科技Ａ,2005-04-08,2013-01-04
000022,深赤湾Ａ,2005-04-08,2007-07-02
000024,招商地产,2005-04-08,2015-12-30
000027,深能源Ａ,2005-04-08,2012-07-02
000027,深能源Ａ,2013-07-01,2013-12-16
000027,深能源Ａ,2014-06-16,2017-06-12
000029,深深房Ａ,2005-04-08,2005-07-01
000029,深深房Ａ,2006-07-03,2008-07-01
000031,深宝恒Ａ,2005-04-08,2012-01-04
000036,华联控股,2005-04-08,2009-01-05
000039,中集集团,2005-04-08,2017-06-12
000046,泛海建设,2007-07-02,2011-07-01
000046,泛海建设,2012-07-02,2014-06-16
000046,泛海建设,2015-06-15,2016-12-12
000059,辽通化工,2005-07-01,2013-12-16
000060,中金岭南,2005-04-08,2018-12-17
000061,农产品,2005-04-08,2017-06-12
000063,中兴通讯,2005-04-08,
000066,长城电脑,2005-04-08,2008-01-02
000066,长城电脑,2020-06-15,2022-12-12
000068,赛格三星,2005-04-08,2008-01-02
000069,华侨城Ａ,2005-04-08,2024-06-17
000088,盐田港Ａ,2005-04-08,2009-07-01
000089,深圳机场,2005-04-08,2011-01-04
000096,广聚能源,2005-04-08,2006-01-04
000099,中信海直,2005-07-01,2007-07-02
000100,TCL科技,2005-04-08,2007-07-02
000100,TCL科技,2009-01-05,
000156,华数传媒,2013-07-01,2017-12-11
000157,中联重科,2005-04-08,
000166,申万宏源,2015-01-26,
000301,东方盛虹,2008-03-11,2010-07-01
000301,东方盛虹,2021-12-13,
000333,美的集团,2013-09-18,
000338,潍柴动力,2008-01-02,
000400,许继电气,2005-04-08,2008-07-01
000400,许继电气,2013-12-16,2016-06-13
000401,冀东水泥,2005-04-08,2015-06-15
000402,金融街,2005-04-08,2019-12-16
000406,石油大明,2005-04-08,2006-04-17
000408,藏格矿业,2018-12-17,2019-12-16
000408,藏格矿业,2022-06-13,
000410,沈阳机床,2005-04-08,2009-01-05
000413,东旭光电,2014-06-16,2020-06-15
000415,渤海租赁,2015-12-14,2020-06-15
000420,吉林化纤,2005-04-08,2006-01-04
000422,湖北宜化,2006-01-04,2013-12-16
000423,东阿阿胶,2005-04-08,2007-07-02
000423,东阿阿胶,2008-01-02,2020-06-15
000425,徐工机械,2005-04-08,
000429,粤高速Ａ,2005-04-08,2006-07-03
000488,晨鸣纸业,2005-04-08,2011-01-04
000498,丹东化纤,2005-04-08,2006-01-04
000503,海虹控股,2005-04-08,2009-07-01
000503,海虹控股,2014-06-16,2019-06-17
000507,粤富华,2005-04-08,2006-07-03
000511,银基发展,2005-04-08,2006-07-03
000518,四环生物,2005-04-08,2007-01-04
000520,中国凤凰,2005-04-08,2007-07-02
000527,美的电器,2005-04-08,2013-09-18
000528,桂柳工Ａ,2005-04-08,2014-06-16
000532,力合股份,2005-04-08,2005-07-01
000533,万家乐Ａ,2005-04-08,2006-07-03
000536,华映科技,2011-07-01,2012-01-04
000536,华映科技,2013-12-16,2015-06-15
000538,云南白药,2005-07-01,
000539,粤电力Ａ,2005-04-08,2009-07-01
000539,粤电力Ａ,2013-07-01,2013-12-16
000539,粤电力Ａ,2015-06-15,2016-06-13
000540,中天城投,2015-12-14,2018-12-17
000541,佛山照明,2005-04-08,2009-01-05
000543,皖能电力,2005-04-08,2006-07-03
000543,皖能电力,2008-01-02,2010-01-04
000550,江铃汽车,2005-04-08,2008-07-01
000553,沙隆达A,2018-12-17,2019-12-16
000555,神州信息,2016-12-12,2017-12-11
000559,万向钱潮,2005-04-08,2010-07-01
000559,万向钱潮,2011-07-01,2013-07-01
000559,万向钱潮,2014-12-15,2018-12-17
000562,宏源证券,2005-04-08,2005-07-01
000562,宏源证券,2006-07-03,2015-01-26
000568,泸州老窖,2005-04-08,
000571,新大洲Ａ,2005-04-08,2006-07-03
000572,海马股份,2008-01-02,2009-01-05
000573,粤宏远Ａ,2005-04-08,2006-07-03
000581,威孚高科,2005-04-08,2009-01-05
000581,威孚高科,2012-01-04,2016-06-13
000596,古井贡酒,2013-01-04,2014-06-16
000596,古井贡酒,2019-06-17,
000598,兴蓉投资,2013-12-16,2016-06-13
000599,G双星,2006-01-04,2006-07-19
000601,韶能股份,2005-04-08,2007-07-02
000607,华立控股,2005-07-01,2007-01-04
000612,焦作万方,2005-04-08,2006-01-04
000612,焦作万方,2007-07-02,2012-01-04
000617,中油资本,2006-07-03,2008-01-02
000617,中油资本,2023-06-12,
000618,吉林化工,2005-07-01,2006-01-04
000623,吉林敖东,2005-04-08,2008-01-02
000623,吉林敖东,2009-01-05,2018-12-17
000625,长安汽车,2005-04-08,
000627,天茂集团,2016-12-12,2021-06-15
000629,新钢钒,2005-04-08,2010-01-04
000629,新钢钒,2012-01-04,2016-06-13
000629,新钢钒,2019-06-17,2020-06-15
000630,铜陵有色,2005-04-08,2020-06-15
000630,铜陵有色,2024-12-16,
000631,顺发恒业,2010-01-04,2011-01-04
000636,风华高科,2005-04-08,2009-01-05
000651,格力电器,2005-04-08,
000652,G泰达,2006-01-04,2011-07-01
000656,金科股份,2013-07-01,2014-12-15
000656,金科股份,2019-06-17,2021-12-13
000657,中钨高新,2026-06-15,
000659,珠海中富,2005-04-08,2007-01-04
000661,长春高新,2018-12-17,2026-06-15
000666,经纬纺机,2005-04-08,2006-07-03
000667,名流置业,2008-07-01,2011-07-01
000671,阳光城,2016-12-12,2021-06-15
000680,山推股份,2005-04-08,2013-01-04
000682,东方电子,2005-04-08,2008-07-01
000685,中山公用,2009-07-01,2012-01-04
000686,东北证券,2008-07-01,2018-06-11
000690,宝新能源,2007-07-02,2008-01-02
000690,宝新能源,2009-01-05,2012-01-04
000698,沈阳化工,2005-04-08,2007-07-02
000703,恒逸石化,2012-07-02,2014-06-16
000703,恒逸石化,2018-12-17,2022-12-12
000707,双环科技,2006-01-04,2007-01-04
000708,中信特钢,2005-04-08,2008-07-01
000708,中信特钢,2020-06-15,
000709,唐钢股份,2005-04-08,2020-12-14
000712,锦龙股份,2015-06-15,2017-06-12
000717,韶钢松山,2005-04-08,2011-01-04
000718,苏宁环球,2008-01-02,2014-12-15
000718,苏宁环球,2016-12-12,2017-12-11
000723,美锦能源,2017-12-11,2018-12-17
000723,美锦能源,2019-12-16,2021-06-15
000723,美锦能源,2022-12-12,2023-12-11
000725,京东方A,2005-04-08,2007-07-02
000725,京东方A,2009-01-05,2010-01-04
000725,京东方A,2010-07-01,2012-01-04
000725,京东方A,2012-07-02,
000726,鲁泰Ａ,2005-04-08,2007-01-04
000727,华东科技,2005-04-08,2006-07-03
000728,国元证券,2008-07-01,2021-12-13
000729,燕京啤酒,2005-04-08,2016-12-12
000733,振华科技,2005-04-08,2007-01-04
000733,振华科技,2022-12-12,2024-12-16
000735,罗牛山,2005-04-08,2006-07-03
000737,南风化工,2005-04-08,2006-07-03
000738,中航动控,2015-05-15,2018-06-11
000750,国海证券,2013-01-04,2018-06-11
000751,锌业股份,2007-01-04,2009-01-05
000755,山西三维,2008-07-01,2009-07-01
000758,中色股份,2005-04-08,2014-12-15
000761,G本钢,2006-07-03,2007-07-02
000761,G本钢,2008-01-02,2009-01-05
000763,锦州石化,2005-04-08,2006-01-04
000767,漳泽电力,2005-04-08,2009-07-01
000768,中航西飞,2006-01-04,
000776,广发证券,2011-01-04,
000778,新兴铸管,2005-04-08,2017-06-12
000780,草原兴发,2005-04-08,2006-08-15
000780,草原兴发,2010-01-04,2013-12-16
000783,长江证券,2008-07-01,2022-06-13
000786,北新建材,2005-04-08,2008-07-01
000786,北新建材,2018-06-11,2026-06-15
000792,盐湖股份,2005-04-08,2019-06-17
000792,盐湖股份,2022-06-13,
000793,G燃气,2006-04-17,2010-07-01
000793,G燃气,2013-12-16,2017-12-11
000800,一汽轿车,2005-04-08,2017-06-12
000800,一汽轿车,2021-06-15,2025-12-15
000806,银河科技,2005-04-08,2007-01-04
000807,云铝股份,2005-04-08,2013-12-16
000807,云铝股份,2024-06-17,
000817,辽河油田,2005-04-08,2006-01-04
000822,山东海化,2005-04-08,2010-07-01
000823,超声电子,2005-04-08,2006-01-04
000825,太钢不锈,2005-04-08,2013-07-01
000825,太钢不锈,2014-12-15,2016-12-12
000826,桑德环境,2013-12-16,2019-06-17
000828,东莞控股,2005-04-08,2009-01-05
000829,天音控股,2007-07-02,2009-07-01
000831,关铝股份,2005-04-08,2006-01-04
000831,关铝股份,2013-12-16,2016-06-13
000839,中信国安,2005-04-08,2015-12-14
000839,中信国安,2016-06-13,2019-06-17
000858,五 粮 液,2005-04-08,
000860,顺鑫农业,2020-06-15,2021-12-13
000866,扬子石化,2005-04-08,2006-04-17
000869,G张裕,2006-04-17,2007-07-02
000869,G张裕,2011-07-01,2015-06-15
000875,吉电股份,2005-04-08,2007-07-02
000876,新希望,2007-07-02,2026-06-15
000877,天山股份,2022-06-13,2024-06-17
000878,云南铜业,2005-04-08,2015-12-14
000883,湖北能源,2013-01-04,2013-12-16
000883,湖北能源,2014-06-16,2016-12-12
000886,海南高速,2005-04-08,2006-07-03
000895,双汇发展,2005-04-08,2007-07-02
000895,双汇发展,2008-01-02,
000897,津滨发展,2007-01-04,2011-01-04
000898,鞍钢新轧,2005-04-08,2013-07-01
000898,鞍钢新轧,2014-12-15,2016-12-12
000898,鞍钢新轧,2017-12-11,2020-06-15
000900,现代投资,2005-04-08,2011-07-01
000912,泸天化,2005-04-08,2010-01-04
000916,华北高速,2005-04-08,2006-07-03
000917,电广传媒,2005-04-08,2010-07-01
000917,电广传媒,2014-06-16,2017-12-11
000920,南方汇通,2005-04-08,2007-01-04
000921,科龙电器,2005-04-08,2005-07-01
000927,一汽夏利,2005-04-08,2012-01-04
000930,丰原生化,2005-04-08,2008-01-02
000932,华菱管线,2005-04-08,2011-01-04
000933,神火股份,2005-04-08,2014-06-16
000937,金牛能源,2005-04-08,2016-06-13
000938,紫光股份,2016-12-12,
000939,凯迪电力,2005-04-08,2007-02-26
000949,新乡化纤,2005-04-08,2006-07-03
000951,中国重汽,2008-01-02,2012-01-04
000956,中原油气,2005-04-08,2006-04-17
000959,首钢股份,2005-04-08,2007-01-04
000959,首钢股份,2007-07-02,2011-07-01
000959,首钢股份,2017-06-12,2019-06-17
000960,锡业股份,2005-04-08,2015-12-14
000961,中南建设,2010-07-01,2014-12-15
000961,中南建设,2017-06-12,2021-06-15
000962,东方钽业,2005-04-08,2008-01-02
000963,华东医药,2013-07-01,
000968,煤气化,2005-04-08,2007-01-04
000968,煤气化,2009-01-05,2013-07-01
000969,G安泰Ａ,2006-01-04,2013-12-16
000970,中科三环,2005-04-08,2008-07-01
000970,中科三环,2013-01-04,2015-12-14
000975,山金国际,2005-07-01,2006-07-03
000975,山金国际,2024-12-16,
000977,浪潮信息,2016-06-13,2017-12-11
000977,浪潮信息,2020-06-15,
000983,西山煤电,2005-04-08,2016-06-13
000983,西山煤电,2016-12-12,2019-06-17
000983,西山煤电,2023-06-12,2026-06-15
000988,华工科技,2026-06-15,
000997,G新大陆,2006-07-03,2008-01-02
000999,华润三九,2009-07-01,2016-12-12
000999,华润三九,2023-12-11,
001280,中国铀业,2026-06-15,
001289,龙源电力,2022-06-13,2025-12-15
001391,国货航,2025-06-16,
001965,招商公路,2018-06-11,2019-06-17
001965,招商公路,2024-06-17,
001979,招商蛇口,2015-12-30,
002001,新和成,2009-01-05,2015-12-14
002001,新和成,2018-12-17,
002007,华兰生物,2010-01-04,2025-06-16
002008,大族激光,2007-01-04,2008-01-02
002008,大族激光,2014-06-16,2023-06-12
002010,传化智联,2019-06-17,2020-06-15
002024,苏宁电器,2005-07-01,2022-06-13
002025,航天电器,2007-01-04,2007-11-19
002027,分众传媒,2016-06-13,
002028,思源电气,2009-07-01,2012-01-04
002028,思源电气,2024-12-16,
002032,苏泊尔,2018-12-17,2023-06-12
002038,双鹭药业,2009-07-01,2010-01-04
002038,双鹭药业,2012-01-04,2016-06-13
002044,美年健康,2017-06-12,2022-06-13
002049,紫光国微,2016-12-12,2017-12-11
002049,紫光国微,2020-12-14,
002050,三花智控,2018-06-11,
002051,中工国际,2007-01-04,2008-01-02
002051,中工国际,2013-07-01,2015-12-14
002052,同洲电子,2007-01-04,2007-07-02
002064,华峰化学,2021-12-13,2023-12-11
002065,东华软件,2013-12-16,2019-12-16
002069,獐子岛,2007-07-02,2008-01-02
002069,獐子岛,2011-07-01,2014-06-16
002073,软控股份,2011-07-01,2013-07-01
002074,国轩高科,2016-12-12,2018-12-17
002074,国轩高科,2022-06-13,
002078,太阳纸业,2007-07-02,2008-01-02
002081,金螳螂,2012-07-02,2020-06-15
002083,孚日股份,2007-07-02,2008-01-02
002085,万丰奥威,2016-12-12,2017-06-12
002085,万丰奥威,2018-06-11,2019-06-17
002092,中泰化学,2011-01-04,2013-12-16
002097,山河智能,2007-07-02,2008-01-02
002097,山河智能,2008-07-01,2009-07-01
002106,莱宝高科,2007-07-02,2008-01-02
002106,莱宝高科,2011-07-01,2014-12-15
002110,三钢闽光,2007-07-02,2008-07-01
002120,韵达股份,2018-12-17,2023-12-11
002122,天马股份,2008-01-02,2008-07-01
002122,天马股份,2009-07-01,2013-07-01
002128,露天煤业,2008-01-02,2013-12-16
002129,中环股份,2013-12-16,2017-06-12
002129,中环股份,2020-06-15,2025-12-15
002131,利欧股份,2016-12-12,2017-12-11
002142,宁波银行,2008-01-02,
002146,荣盛发展,2008-07-01,2009-07-01
002146,荣盛发展,2011-01-04,2021-06-15
002152,广电运通,2009-01-05,2009-07-01
002152,广电运通,2016-06-13,2017-12-11
002153,石基信息,2014-12-15,2021-12-13
002155,辰州矿业,2008-07-01,2014-06-16
002157,正邦科技,2020-06-15,2022-06-13
002174,游族网络,2016-12-12,2018-06-11
002179,中航光电,2018-12-17,
002180,纳思达,2022-12-12,2025-12-15
002183,怡亚通,2016-06-13,2017-12-11
002194,武汉凡谷,2009-07-01,2010-01-04
002195,二三四五,2015-12-14,2017-12-11
002202,金风科技,2008-07-01,2024-06-17
002202,金风科技,2026-06-15,
002230,科大讯飞,2013-12-16,
002236,大华股份,2013-01-04,
002241,歌尔股份,2012-07-02,
002242,九阳股份,2009-07-01,2011-07-01
002244,滨江集团,2009-07-01,2012-07-02
002252,上海莱士,2014-06-16,2026-06-15
002269,美邦服饰,2009-07-01,2010-01-04
002269,美邦服饰,2013-07-01,2014-12-15
002271,东方雨虹,2018-12-17,2025-06-16
002275,桂林三金,2010-01-04,2010-07-01
002292,奥飞动漫,2014-06-16,2018-06-11
002294,信立泰,2011-01-04,2012-01-04
002294,信立泰,2013-07-01,2016-12-12
002294,信立泰,2017-12-11,2020-06-15
002299,圣农发展,2012-01-04,2014-06-16
002299,圣农发展,2016-12-12,2017-12-11
002304,洋河股份,2010-07-01,
002310,东方园林,2011-07-01,2015-12-14
002310,东方园林,2016-12-12,2019-12-16
002311,海大集团,2018-12-17,
002344,海宁皮城,2012-01-04,2015-12-14
002352,顺丰控股,2017-06-12,
002353,杰瑞股份,2012-07-02,2016-06-13
002353,杰瑞股份,2026-06-15,
002371,北方华创,2020-06-15,
002375,亚厦股份,2013-01-04,2016-06-13
002378,章源钨业,2012-01-04,2013-12-16
002384,东山精密,2020-12-14,2021-12-13
002384,东山精密,2025-12-15,
002385,大北农,2011-01-04,2018-12-17
002399,海普瑞,2011-01-04,2016-12-12
002400,省广股份,2014-06-16,2015-06-15
002405,四维图新,2011-01-04,2013-07-01
002410,广联达,2014-06-16,2016-06-13
002410,广联达,2019-06-17,2024-12-16
002411,必康股份,2017-06-12,2020-06-15
002414,高德红外,2020-12-14,2023-12-11
002415,海康威视,2011-01-04,
002416,爱施德,2014-06-16,2015-06-15
002422,科伦药业,2011-01-04,2016-12-12
002422,科伦药业,2018-12-17,2021-06-15
002422,科伦药业,2024-12-16,
002424,贵州百灵,2016-06-13,2018-06-11
002426,胜利精密,2016-12-12,2018-06-11
002429,兆驰股份,2014-06-16,2015-06-15
002431,棕榈园林,2012-01-04,2014-06-16
002450,康得新,2013-07-01,2019-06-17
002456,欧菲光,2013-12-16,2021-12-13
002459,晶澳科技,2021-12-13,2026-06-15
002460,赣锋锂业,2017-12-11,
002463,沪电股份,2020-06-15,2021-12-13
002463,沪电股份,2024-12-16,
002465,海格通信,2014-06-16,2018-06-11
002466,天齐锂业,2016-12-12,2020-12-14
002466,天齐锂业,2021-12-13,
002468,申通快递,2017-12-11,2020-12-14
002470,金正大,2014-06-16,2018-12-17
002475,立讯精密,2014-06-16,
002493,荣盛石化,2011-07-01,2013-01-04
002493,荣盛石化,2018-06-11,
002498,汉缆股份,2011-07-01,2012-07-02
002500,山西证券,2011-07-01,2018-12-17
002508,老板电器,2017-06-12,2021-12-13
002532,天山铝业,2026-06-15,
002555,三七互娱,2017-06-12,2025-06-16
002558,巨人网络,2017-06-12,2021-12-13
002558,巨人网络,2026-06-15,
002568,百润股份,2016-06-13,2017-06-12
002568,百润股份,2021-12-13,2022-12-12
002570,贝因美,2012-07-02,2015-12-14
002572,索菲亚,2017-12-11,2019-06-17
002594,比亚迪,2012-01-04,
002600,领益智造,2020-12-14,2023-06-12
002600,领益智造,2025-06-16,
002601,龙蟒佰利,2017-12-11,2026-06-15
002602,世纪华通,2017-06-12,2023-06-12
002602,世纪华通,2026-06-15,
002603,以岭药业,2012-01-04,2015-06-15
002603,以岭药业,2023-12-11,2024-12-16
002607,中公教育,2019-12-16,2022-12-12
002608,江苏国信,2017-12-11,2018-12-17
002624,完美世界,2017-12-11,2022-06-13
002625,光启技术,2018-06-11,2019-12-16
002625,光启技术,2025-12-15,
002648,卫星化学,2022-06-13,
002653,海思科,2013-12-16,2015-12-14
002673,西部证券,2013-01-04,2021-12-13
002709,天赐材料,2021-12-13,
002714,牧原股份,2016-12-12,
002736,国信证券,2015-06-15,
002739,万达院线,2015-12-14,2018-12-17
002739,万达院线,2019-06-17,2021-12-13
002756,永兴材料,2022-12-12,2023-12-11
002773,康弘药业,2018-12-17,2021-12-13
002791,坚朗五金,2021-12-13,2022-12-12
002797,第一创业,2016-12-12,2019-06-17
002812,恩捷股份,2020-12-14,2025-06-16
002821,凯莱英,2020-12-14,2024-12-16
002831,裕同科技,2017-06-12,2018-06-11
002837,英维克,2026-06-15,
002839,张家港行,2017-06-12,2018-06-11
002841,视源股份,2017-06-12,2018-06-11
002841,视源股份,2019-12-16,2024-12-16
002916,深南电路,2019-12-16,
002920,德赛西威,2022-06-13,
002925,盈趣科技,2018-06-11,2019-12-16
002938,鹏鼎控股,2019-06-17,
002939,长城证券,2019-06-17,2021-12-13
002945,华林证券,2019-06-17,2021-12-13
002958,青农商行,2019-12-16,2021-06-15
003816,中国广核,2020-06-15,
300002,神州泰岳,2015-06-15,2017-06-12
300003,乐普医疗,2015-05-15,2016-12-12
300003,乐普医疗,2017-12-11,2022-12-12
300014,亿纬锂能,2020-06-15,
300015,爱尔眼科,2014-12-15,2017-06-12
300015,爱尔眼科,2017-12-11,
300017,网宿科技,2014-12-15,2020-06-15
300024,机器人,2014-12-15,2020-06-15
300027,华谊兄弟,2014-12-15,2018-12-17
300033,同花顺,2016-12-12,
300058,蓝色光标,2014-12-15,2017-06-12
300059,东方财富,2015-06-15,
300070,碧水源,2014-12-15,2020-06-15
300072,三聚环保,2016-12-12,2019-12-16
300085,银之杰,2016-06-13,2017-06-12
300104,乐视网,2015-06-15,2017-12-11
300122,智飞生物,2017-12-11,
300124,汇川技术,2014-12-15,
300133,华策影视,2014-12-15,2017-12-11
300136,信维通信,2017-12-11,2021-12-13
300142,沃森生物,2018-12-17,2024-12-16
300144,宋城演艺,2015-12-14,2022-06-13
300146,汤臣倍健,2014-12-15,2017-06-12
300168,万达信息,2016-06-13,2017-12-11
300182,捷成股份,2016-12-12,2017-06-12
300207,欣旺达,2022-06-13,2023-12-11
300223,北京君正,2022-06-13,2024-12-16
300251,光线传媒,2014-12-15,2019-12-16
300251,光线传媒,2025-12-15,
300274,阳光电源,2021-06-15,
300296,利亚德,2018-12-17,2019-12-16
300308,中际旭创,2023-12-11,
300315,掌趣科技,2015-12-14,2018-06-11
300316,晶盛机电,2021-12-13,
300347,泰格医药,2019-12-16,2026-06-15
300394,天孚通信,2024-12-16,
300408,三环集团,2018-06-11,
300413,芒果超媒,2019-06-17,
300418,昆仑万维,2024-06-17,
300433,蓝思科技,2018-06-11,
300442,润泽科技,2024-06-17,
300450,先导智能,2021-06-15,2025-06-16
300450,先导智能,2026-06-15,
300454,深信服,2022-06-13,2024-12-16
300476,胜宏科技,2025-12-15,
300496,中科创达,2022-06-13,2024-12-16
300498,温氏股份,2019-06-17,
300502,新易盛,2024-12-16,
300529,健帆生物,2020-12-14,2023-06-12
300558,贝达药业,2021-06-15,2022-06-13
300595,欧普康视,2021-06-15,2023-06-12
300601,康泰生物,2020-06-15,2023-12-11
300628,亿联网络,2020-06-15,
300661,圣邦股份,2022-06-13,
300676,华大基因,2020-12-14,2022-06-13
300677,英科医疗,2021-06-15,2022-06-13
300750,宁德时代,2021-12-13,
300751,迈为股份,2022-06-13,2024-12-16
300759,康龙化成,2021-12-13,2026-06-15
300760,迈瑞医疗,2021-12-13,
300763,锦浪科技,2022-06-13,2024-06-17
300769,德方纳米,2022-12-12,2023-12-11
300782,卓胜微,2021-12-13,2026-06-15
300803,指南针,2025-12-15,
300832,新产业,2024-06-17,
300866,安克创新,2021-12-13,2022-12-12
300866,安克创新,2025-12-15,
300888,稳健医疗,2021-12-13,2022-06-13
300896,爱美客,2021-12-13,
300919,中伟股份,2022-06-13,2024-12-16
300957,贝泰妮,2022-06-13,2024-12-16
300979,华利集团,2022-06-13,2026-06-15
300999,金龙鱼,2021-12-13,
301165,锐捷网络,2026-06-15,
301236,软通动力,2025-06-16,
301269,华大九天,2023-12-11,
301308,江波龙,2026-06-15,
302132,中航成飞,2025-06-16,
600000,浦发银行,2005-04-08,
600001,邯郸钢铁,2005-04-08,2010-01-04
600002,齐鲁石化,2005-04-08,2006-04-17
600003,东北高速,2007-07-02,2008-01-02
600004,白云机场,2005-04-08,2012-01-04
600004,白云机场,2018-12-17,2021-06-15
600005,武钢股份,2005-04-08,2013-12-16
600005,武钢股份,2015-06-15,2017-02-10
600006,东风汽车,2005-04-08,2011-07-01
600007,中国国贸,2005-04-08,2006-07-03
600007,中国国贸,2007-01-04,2009-07-01
600008,首创股份,2005-04-08,2012-07-02
600008,首创股份,2013-12-16,2018-12-17
600009,上海机场,2005-04-08,
600010,包钢股份,2005-04-08,
600011,华能国际,2005-04-08,2011-01-04
600011,华能国际,2012-07-02,2016-12-12
600011,华能国际,2017-12-11,
600012,皖通高速,2005-04-08,2009-01-05
600015,华夏银行,2005-04-08,
600016,民生银行,2005-04-08,
600017,日照港,2007-07-02,2011-07-01
600018,上港集团,2005-04-08,2012-01-04
600018,上港集团,2013-12-16,
600019,宝钢股份,2005-04-08,
600020,中原高速,2005-04-08,2009-07-01
600021,上海电力,2005-04-08,2009-07-01
600021,上海电力,2015-12-14,2018-06-11
600022,济南钢铁,2005-04-08,2011-01-04
600022,济南钢铁,2012-07-02,2013-07-01
600022,济南钢铁,2016-06-13,2016-12-12
600023,浙能电力,2014-06-16,2020-06-15
600023,浙能电力,2023-12-11,
600025,华能水电,2018-06-11,
600026,中远海能,2005-04-08,2012-07-02
600026,中远海能,2024-06-17,
600027,华电国际,2006-01-04,2011-01-04
600027,华电国际,2013-01-04,2016-12-12
600027,华电国际,2018-12-17,2021-06-15
600027,华电国际,2024-06-17,
600028,中国石化,2005-04-08,
600029,南方航空,2005-04-08,
600030,中信证券,2005-04-08,
600031,三一重工,2005-04-08,
600033,福建高速,2005-04-08,2011-07-01
600035,楚天高速,2005-04-08,2008-07-01
600036,招商银行,2005-04-08,
600037,歌华有线,2005-04-08,2013-07-01
600037,歌华有线,2016-06-13,2017-12-11
600038,哈飞股份,2014-12-15,2020-12-14
600039,四川路桥,2022-12-12,
600048,保利发展,2007-01-04,
600050,中国联通,2005-04-08,
600057,夏新电子,2005-04-08,2007-01-04
600058,五矿发展,2005-04-08,2015-06-15
600060,海信电器,2005-04-08,2008-01-02
600060,海信电器,2013-07-01,2017-12-11
600061,国投资本,2016-06-13,
600062,双鹤药业,2006-01-04,2008-01-02
600062,双鹤药业,2009-01-05,2009-07-01
600062,双鹤药业,2010-01-04,2014-12-15
600066,宇通客车,2007-01-04,2021-06-15
600066,宇通客车,2024-12-16,
600068,葛洲坝,2005-04-08,2006-07-03
600068,葛洲坝,2007-01-04,2021-06-15
600072,江南重工,2005-04-08,2005-07-01
600073,上海梅林,2005-04-08,2007-07-02
600074,中达股份,2005-04-08,2006-01-04
600074,中达股份,2016-06-13,2018-06-11
600078,澄星股份,2005-04-08,2008-01-02
600079,人福医药,2013-12-16,2015-06-15
600079,人福医药,2021-06-15,2022-06-13
600085,同仁堂,2005-04-08,
600087,南京水运,2005-04-08,2011-07-01
600088,中视传媒,2005-04-08,2008-07-01
600089,特变电工,2005-04-08,2007-07-02
600089,特变电工,2008-01-02,2020-12-14
600089,特变电工,2022-06-13,
600091,明天科技,2005-04-08,2007-01-04
600096,云天化,2005-04-08,2014-12-15
600098,广州控股,2005-04-08,2009-07-01
600098,广州控股,2012-01-04,2012-07-02
600098,广州控股,2016-06-13,2016-12-12
600100,清华同方,2005-04-08,2020-06-15
600102,莱钢股份,2005-04-08,2011-01-04
600103,青山纸业,2005-04-08,2006-07-03
600104,上汽集团,2005-04-08,
600108,亚盛集团,2005-04-08,2015-12-14
600109,成都建投,2008-01-02,2022-06-13
600110,中科英华,2005-04-08,2010-01-04
600111,北方稀土,2008-01-02,
600115,中国东航,2005-04-08,2007-01-04
600115,中国东航,2008-01-02,2009-07-01
600115,中国东航,2011-01-04,
600117,西宁特钢,2005-04-08,2010-01-04
600118,中国卫星,2007-01-04,2021-12-13
600118,中国卫星,2026-06-15,
600121,郑州煤电,2005-04-08,2007-07-02
600123,兰花科创,2005-04-08,2014-12-15
600125,铁龙物流,2005-07-01,2013-12-16
600126,杭钢股份,2005-04-08,2007-01-04
600132,重庆啤酒,2006-07-03,2013-12-16
600132,重庆啤酒,2021-06-15,2024-12-16
600135,乐凯胶片,2005-04-08,2006-01-04
600138,中青旅,2005-04-08,2007-01-04
600143,G金发,2006-07-03,2015-06-15
600143,G金发,2021-06-15,2022-06-13
600150,中国船舶,2007-01-04,2017-12-11
600150,中国船舶,2020-12-14,
600151,G航天,2006-07-03,2012-07-02
600153,建发股份,2005-04-08,2020-06-15
600157,永泰能源,2013-01-04,2019-06-17
600158,中体产业,2008-01-02,2010-07-01
600160,巨化股份,2007-01-04,2008-01-02
600160,巨化股份,2012-01-04,2014-06-16
600160,巨化股份,2024-12-16,
600161,天坛生物,2007-01-04,2008-07-01
600161,天坛生物,2010-01-04,2012-07-02
600161,天坛生物,2020-12-14,2022-12-12
600161,天坛生物,2024-06-17,2026-06-15
600166,福田汽车,2005-04-08,2007-01-04
600166,福田汽车,2010-01-04,2016-06-13
600169,太原重工,2008-07-01,2009-01-05
600169,太原重工,2009-07-01,2013-12-16
600170,上海建工,2005-04-08,2020-12-14
600171,上海贝岭,2005-04-08,2008-01-02
600176,中国巨石,2009-07-01,2010-07-01
600176,中国巨石,2018-06-11,
600177,雅戈尔,2005-04-08,2021-06-15
600183,生益科技,2005-04-08,2013-01-04
600183,生益科技,2019-12-16,
600188,兖矿能源,2005-04-08,2020-12-14
600188,兖矿能源,2022-06-13,
600190,锦州港,2005-04-08,2006-07-03
600190,锦州港,2007-01-04,2008-07-01
600196,复星医药,2005-04-08,
600198,大唐电信,2005-04-08,2007-07-02
600200,江苏吴中,2005-07-01,2006-07-03
600200,江苏吴中,2007-01-04,2007-10-23
600205,山东铝业,2005-04-08,2007-04-30
600207,安彩高科,2005-04-08,2007-01-04
600208,中宝股份,2007-07-02,2021-06-15
600210,紫江企业,2005-04-08,2011-07-01
600215,长春经开,2005-04-08,2007-01-04
600216,浙江医药,2009-07-01,2014-12-15
600219,南山铝业,2007-07-02,2014-12-15
600219,南山铝业,2017-12-11,2020-12-14
600219,南山铝业,2022-06-13,
600220,江苏阳光,2005-04-08,2012-01-04
600221,海航控股,2005-04-08,2020-12-14
600221,海航控股,2026-06-15,
600228,昌九生化,2005-04-08,2005-07-01
600231,凌钢股份,2005-04-08,2007-03-15
600233,圆通速递,2017-06-12,2021-12-13
600233,圆通速递,2022-12-12,
600236,桂冠电力,2005-04-08,2011-01-04
600239,云南城投,2010-01-04,2012-01-04
600246,万通地产,2010-01-04,2011-01-04
600251,冠农股份,2009-01-05,2011-01-04
600252,中恒集团,2012-01-04,2017-06-12
600256,广汇股份,2005-04-08,2017-12-11
600259,广晟有色,2012-01-04,2014-12-15
600266,北京城建,2005-04-08,2014-06-16
600267,海正药业,2005-07-01,2007-07-02
600267,海正药业,2011-07-01,2015-06-15
600269,赣粤高速,2005-04-08,2012-01-04
600270,外运发展,2005-04-08,2010-07-01
600271,航天信息,2005-04-08,2005-07-01
600271,航天信息,2006-04-17,2021-06-15
600276,恒瑞医药,2006-07-03,2007-01-04
600276,恒瑞医药,2009-07-01,2010-07-01
600276,恒瑞医药,2011-01-04,
600277,亿利能源,2014-06-16,2015-12-14
600282,南钢股份,2005-04-08,2011-01-04
600296,兰州铝业,2005-04-08,2007-04-30
600297,广汇汽车,2016-12-12,2021-06-15
600299,星新材料,2006-07-03,2008-01-02
600299,星新材料,2009-01-05,2010-01-04
600299,星新材料,2019-06-17,2021-12-13
600300,维维股份,2010-07-01,2012-01-04
600307,酒钢宏兴,2005-04-08,2013-01-04
600308,华泰股份,2005-04-08,2010-01-04
600309,万华化学,2005-04-08,
600312,平高电气,2007-01-04,2008-01-02
600312,平高电气,2010-01-04,2012-01-04
600315,上海家化,2012-07-02,2016-06-13
600316,洪都航空,2007-01-04,2015-12-14
600317,营口港,2015-06-15,2016-12-12
600320,振华港机,2005-04-08,2013-01-04
600325,华发股份,2008-01-02,2011-07-01
600331,宏达股份,2006-01-04,2013-07-01
600332,广州药业,2007-01-04,2007-07-02
600332,广州药业,2013-07-01,2025-12-15
600333,长春燃气,2005-04-08,2007-05-29
600339,天利高新,2006-01-04,2006-11-10
600339,天利高新,2018-06-11,2019-12-16
600340,华夏幸福,2013-01-04,2021-12-13
600346,恒力石化,2018-06-11,
600348,国阳新能,2005-04-08,2015-12-14
600350,山东基建,2005-04-08,2011-07-01
600350,山东基建,2015-12-14,2016-06-13
600352,浙江龙盛,2009-07-01,2022-12-12
600357,承德钒钛,2005-04-08,2010-01-04
600361,G综超,2006-07-03,2008-01-02
600362,江西铜业,2005-04-08,
600369,西南证券,2010-01-04,2021-06-15
600372,中航机载,2012-01-04,2020-12-14
600372,中航机载,2023-12-11,
600373,中文传媒,2014-12-15,2018-12-17
600376,首开股份,2008-07-01,2014-12-15
600376,首开股份,2016-06-13,2018-12-17
600377,宁沪高速,2005-04-08,2007-07-02
600377,宁沪高速,2008-01-02,2009-01-05
600377,宁沪高速,2024-12-16,2026-06-15
600380,健康元,2005-07-01,2006-07-03
600380,健康元,2007-12-26,2012-07-02
600383,金地集团,2006-01-04,2023-12-11
600390,五矿资本,2017-12-11,2021-06-15
600395,盘江股份,2009-07-01,2015-06-15
600398,海澜之家,2014-12-15,2016-12-12
600398,海澜之家,2018-06-11,2020-12-14
600399,抚顺特钢,2006-01-04,2007-01-04
600403,大有能源,2013-07-01,2014-12-15
600406,国电南瑞,2006-07-03,2007-01-04
600406,国电南瑞,2011-01-04,
600408,安泰集团,2005-04-08,2007-01-04
600410,G华胜,2006-07-03,2008-01-02
600415,小商品城,2006-07-03,2019-12-16
600415,小商品城,2024-06-17,
600418,G江汽,2006-01-04,2013-01-04
600426,华鲁恒升,2009-01-05,2011-01-04
600426,华鲁恒升,2021-06-15,
600428,中远航运,2005-04-08,2012-07-02
600432,吉恩镍业,2007-01-04,2013-12-16
600436,片仔癀,2013-07-01,2015-06-15
600436,片仔癀,2017-06-12,
600438,通威股份,2018-06-11,
600446,金证股份,2016-06-13,2017-12-11
600456,G宝钛,2006-07-03,2013-07-01
600460,士兰微,2006-07-03,2008-01-02
600460,士兰微,2022-06-13,
600472,包头铝业,2007-01-04,2007-12-26
600481,双良节能,2011-01-04,2012-07-02
600482,中国动力,2016-12-12,2021-12-13
600482,中国动力,2024-12-16,
600485,信威集团,2014-12-15,2018-06-11
600487,亨通光电,2018-06-11,2021-06-15
600489,中金黄金,2005-04-08,2005-07-01
600489,中金黄金,2007-01-04,2022-12-12
600489,中金黄金,2023-12-11,
600497,驰宏锌锗,2007-01-04,2015-12-14
600498,G烽火,2006-07-03,2008-01-02
600498,G烽火,2012-01-04,2015-06-15
600498,G烽火,2016-12-12,2021-06-15
600500,中化国际,2005-04-08,2013-01-04
600501,航天晨光,2007-04-30,2008-07-01
600508,上海能源,2005-04-08,2013-12-16
600515,海南机场,2023-12-11,
600516,方大炭素,2009-07-01,2015-12-14
600516,方大炭素,2018-06-11,2020-12-14
600517,置信电气,2010-01-04,2012-01-04
600518,康美药业,2009-07-01,2019-06-17
600519,贵州茅台,2005-04-08,
600521,G华海,2006-07-03,2008-01-02
600521,G华海,2021-06-15,2021-12-13
600522,中天科技,2017-06-12,2021-12-13
600522,中天科技,2025-12-15,
600528,中铁二局,2007-07-02,2014-06-16
600535,G天士力,2006-07-03,2009-01-05
600535,G天士力,2011-01-04,2020-06-15
600546,山煤国际,2011-01-04,2014-12-15
600547,山东黄金,2007-01-04,
600548,深高速,2005-04-08,2007-07-02
600548,深高速,2008-01-02,2010-01-04
600549,厦门钨业,2006-07-03,2016-06-13
600549,厦门钨业,2017-02-10,2019-06-17
600549,厦门钨业,2026-06-15,
600550,G天威,2006-01-04,2013-12-16
600566,济川药业,2018-12-17,2020-06-15
600569,安阳钢铁,2005-04-08,2011-01-04
600570,恒生电子,2014-12-15,
600578,G京能,2006-07-03,2007-01-04
600578,G京能,2014-12-15,2016-12-12
600581,八一钢铁,2005-04-08,2007-01-04
600582,天地科技,2009-07-01,2010-07-01
600582,天地科技,2011-01-04,2012-07-02
600582,天地科技,2013-01-04,2014-06-16
600582,天地科技,2016-06-13,2017-06-12
600583,海油工程,2005-04-08,2020-12-14
600584,长电科技,2020-12-14,
600585,海螺水泥,2005-04-08,
600588,用友网络,2006-07-03,2008-01-02
600588,用友网络,2009-01-05,
600591,上海航空,2005-04-08,2009-07-01
600595,中孚实业,2008-01-02,2013-01-04
600596,新安股份,2007-01-04,2011-07-01
600597,光明乳业,2005-04-08,2011-07-01
600597,光明乳业,2013-12-16,2015-12-14
600598,北大荒,2005-04-08,2014-06-16
600600,青岛啤酒,2005-04-08,2016-12-12
600600,青岛啤酒,2020-12-14,
600601,方正科技,2005-04-08,2011-07-01
600602,广电电子,2005-04-08,2007-07-02
600606,绿地控股,2016-06-13,2024-06-17
600608,上海科技,2005-04-08,2006-07-03
600611,大众交通,2008-01-02,2011-07-01
600616,G食品,2006-07-03,2010-01-04
600621,上海金陵,2005-04-08,2007-01-04
600627,上电股份,2006-04-17,2007-07-02
600628,G新世界,2006-07-03,2009-01-05
600630,龙头股份,2005-04-08,2006-01-04
600631,百联股份,2005-04-08,2011-08-08
600633,浙报传媒,2014-06-16,2016-06-13
600635,大众公用,2005-04-08,2012-07-02
600637,广电信息,2005-04-08,2007-07-02
600637,广电信息,2013-01-04,2021-06-15
600638,新黄浦,2005-04-08,2006-01-04
600638,新黄浦,2008-01-02,2010-07-01
600639,浦东金桥,2005-04-08,2010-07-01
600641,中远发展,2005-04-08,2005-07-01
600642,申能股份,2005-04-08,2016-12-12
600643,爱建股份,2005-04-08,2011-01-04
600648,外高桥,2010-01-04,2010-07-01
600648,外高桥,2013-12-16,2017-06-12
600649,原水股份,2005-04-08,2018-06-11
600652,爱使股份,2005-04-08,2007-01-04
600653,申华控股,2005-04-08,2010-01-04
600654,飞乐股份,2005-04-08,2007-01-04
600654,飞乐股份,2016-12-12,2017-06-12
600655,G豫园,2006-07-03,2015-06-15
600655,G豫园,2019-12-16,2022-12-12
600657,信达地产,2010-01-04,2011-07-01
600660,福耀玻璃,2005-04-08,
600662,强生控股,2005-04-08,2008-07-01
600663,陆家嘴,2005-04-08,2011-07-01
600663,陆家嘴,2013-12-16,2018-12-17
600663,陆家嘴,2019-06-17,2020-06-15
600664,哈药股份,2009-01-05,2015-06-15
600666,奥瑞德,2016-06-13,2017-06-12
600674,川投能源,2005-04-08,2007-01-04
600674,川投能源,2009-01-05,2020-12-14
600674,川投能源,2022-12-12,
600675,中华企业,2005-04-08,2012-01-04
600682,南京新百,2017-06-12,2018-12-17
600685,广船国际,2007-07-02,2010-07-29
600685,广船国际,2016-06-13,2018-06-11
600688,上海石化,2005-04-08,2011-01-04
600688,上海石化,2013-12-16,2019-12-16
600690,海尔智家,2005-04-08,
600694,大商股份,2005-04-08,2014-06-16
600703,三安光电,2011-01-04,2021-12-13
600704,物产中大,2016-06-13,2019-12-16
600705,北亚集团,2005-04-08,2006-07-03
600705,北亚集团,2013-12-16,2021-12-13
600707,彩虹股份,2005-04-08,2006-07-03
600710,常林股份,2005-04-08,2005-07-01
600717,天津港,2005-04-08,2012-01-04
600717,天津港,2015-06-15,2016-06-13
600718,东软股份,2005-04-08,2009-01-05
600718,东软股份,2009-07-01,2017-12-11
600724,宁波富达,2005-04-08,2007-05-18
600726,华电能源,2005-04-08,2006-07-03
600732,爱旭股份,2023-06-12,2024-12-16
600733,北汽蓝谷,2019-06-17,2020-06-15
600737,中粮屯河,2009-01-05,2012-07-02
600737,中粮屯河,2016-06-13,2017-12-11
600739,辽宁成大,2005-04-08,2019-06-17
600740,山西焦化,2005-07-01,2007-01-04
600741,华域汽车,2005-04-08,
600744,华银电力,2005-04-08,2006-07-03
600745,闻泰科技,2020-06-15,2025-06-16
600747,大显股份,2005-04-08,2009-07-01
600748,上实发展,2005-04-08,2005-07-01
600748,上实发展,2007-01-04,2011-07-01
600754,G锦江,2006-07-03,2008-07-01
600754,G锦江,2016-12-12,2017-06-12
600754,G锦江,2023-06-12,2024-06-17
600757,华源发展,2005-04-08,2005-07-01
600760,中航沈飞,2018-12-17,
600761,安徽合力,2005-04-08,2005-07-01
600761,安徽合力,2007-01-04,2009-07-01
600763,通策医疗,2020-12-14,2023-12-11
600770,综艺股份,2005-04-08,2010-01-04
600770,综艺股份,2012-01-04,2013-07-01
600779,全兴股份,2005-04-08,2013-12-16
600780,通宝能源,2005-04-08,2009-07-01
600782,新钢股份,2009-07-01,2010-07-01
600783,鲁信创投,2012-01-04,2017-06-12
600786,东方锅炉,2005-07-01,2008-03-11
600787,中储股份,2007-01-04,2009-01-05
600790,轻纺城,2005-04-08,2006-07-03
600795,国电电力,2005-04-08,
600797,浙大网新,2005-04-08,2009-01-05
600803,新奥股份,2022-12-12,
600804,鹏博士,2008-07-01,2018-12-17
600805,悦达投资,2005-04-08,2006-07-03
600808,马钢股份,2005-04-08,2012-07-02
600809,山西汾酒,2006-07-03,2015-12-14
600809,山西汾酒,2018-06-11,
600811,东方集团,2005-04-08,2014-06-16
600812,华北制药,2005-04-08,2013-01-04
600816,安信信托,2009-07-01,2010-07-01
600816,安信信托,2016-06-13,2020-06-15
600820,隧道股份,2005-04-08,2011-01-04
600820,隧道股份,2015-12-14,2018-12-17
600823,世茂股份,2011-01-04,2012-01-04
600827,友谊股份,2011-08-08,2012-01-04
600827,友谊股份,2012-07-02,2018-06-11
600832,东方明珠,2005-04-08,2015-05-15
600834,G申地铁,2006-07-03,2007-07-02
600835,上海机电,2005-04-08,2011-01-04
600837,都市股份,2007-07-02,2025-02-07
600838,上海九百,2005-04-08,2005-07-01
600839,四川长虹,2005-04-08,2017-06-12
600845,宝信软件,2020-12-14,
600848,上海临港,2019-12-16,2022-06-13
600849,上海医药,2005-04-08,2008-07-01
600851,海欣股份,2005-04-08,2009-01-05
600854,春兰股份,2005-04-08,2007-01-04
600859,王府井,2007-07-02,2008-01-02
600859,王府井,2008-07-01,2010-07-01
600859,王府井,2011-07-01,2014-06-16
600863,内蒙华电,2005-04-08,2009-07-01
600863,内蒙华电,2010-07-01,2016-12-12
600866,星湖科技,2005-04-08,2006-07-03
600867,通化东宝,2014-06-16,2017-06-12
600867,通化东宝,2018-06-11,2020-12-14
600868,梅雁股份,2005-04-08,2008-07-01
600871,仪征化纤,2005-04-08,2007-07-02
600871,仪征化纤,2016-06-13,2018-06-11
600872,中炬高新,2020-12-14,2022-06-13
600873,梅花集团,2012-01-04,2017-06-12
600874,创业环保,2005-04-08,2010-07-01
600875,东方电气,2006-07-03,2017-06-12
600875,东方电气,2023-06-12,
600879,火箭股份,2005-04-08,2012-07-02
600880,博瑞传播,2014-06-16,2015-06-15
600881,亚泰集团,2005-04-08,2013-12-16
600884,杉杉股份,2005-04-08,2007-07-02
600884,杉杉股份,2022-12-12,2023-12-11
600886,国投电力,2005-04-08,2011-01-04
600886,国投电力,2013-01-04,
600887,伊利股份,2005-04-08,2009-07-01
600887,伊利股份,2011-01-04,
600893,航发动力,2011-01-04,
600894,广钢股份,2005-04-08,2007-01-23
600895,张江高科,2005-04-08,2014-12-15
600895,张江高科,2015-12-14,2018-06-11
600900,长江电力,2005-04-08,
600905,三峡能源,2021-12-13,
600909,华安证券,2017-06-12,2019-06-17
600918,中泰证券,2020-12-14,
600919,江苏银行,2017-06-12,
600926,杭州银行,2017-06-12,
600928,西安银行,2019-12-16,2020-12-14
600930,华电新能,2025-12-15,
600938,中国海油,2023-12-11,
600941,中国移动,2022-06-13,
600958,东方证券,2015-06-15,
600959,江苏有线,2015-12-14,2018-12-17
600961,株冶火炬,2005-07-01,2006-01-04
600961,株冶火炬,2007-07-02,2009-07-01
600968,海油发展,2019-12-16,2020-12-14
600970,中材国际,2006-07-03,2007-07-02
600970,中材国际,2009-07-01,2014-06-16
600971,恒源煤电,2011-07-01,2014-06-16
600977,中国电影,2017-06-12,2020-12-14
600978,宜华木业,2008-01-02,2009-07-01
600989,宝丰能源,2019-12-16,
600997,开滦股份,2005-04-08,2014-06-16
600998,九州通,2011-07-01,2012-01-04
600998,九州通,2014-06-16,2016-12-12
600998,九州通,2018-12-17,2021-06-15
600999,招商证券,2010-07-01,
601001,大同煤业,2007-01-04,2014-06-16
601002,晋亿实业,2007-07-02,2008-07-01
601003,柳钢股份,2008-01-02,2009-07-01
601003,柳钢股份,2010-07-01,2011-01-04
601005,重庆钢铁,2008-01-02,2010-01-04
601006,大秦铁路,2006-08-15,
601009,南京银行,2008-01-02,
601012,隆基绿能,2017-12-11,
601016,节能风电,2015-12-14,2016-12-12
601018,宁波港,2011-07-01,2020-12-14
601018,宁波港,2025-12-15,
601021,春秋航空,2015-06-15,
601058,赛轮轮胎,2025-02-07,
601059,信达证券,2023-12-11,
601066,中信建投,2018-12-17,
601077,渝农商行,2020-06-15,2021-12-13
601077,渝农商行,2025-06-16,
601088,中国神华,2007-10-23,
601098,中南传媒,2011-07-01,2016-12-12
601099,太平洋,2010-01-04,2011-07-01
601099,太平洋,2012-01-04,2014-06-16
601099,太平洋,2015-06-15,2018-12-17
601100,恒立液压,2020-06-15,
601101,昊华能源,2011-01-04,2014-06-16
601106,中国一重,2011-01-04,2014-06-16
601106,中国一重,2015-06-15,2016-12-12
601107,四川成渝,2010-01-04,2012-01-04
601108,财通证券,2018-06-11,2022-06-13
601111,中国国航,2007-01-04,
601117,中国化学,2010-07-01,2016-12-12
601117,中国化学,2017-06-12,2021-06-15
601117,中国化学,2022-06-13,
601118,海南橡胶,2011-07-01,2018-06-11
601127,赛力斯,2016-12-12,2017-12-11
601127,赛力斯,2024-12-16,
601136,首创证券,2024-12-16,
601138,工业富联,2018-12-17,
601139,深圳燃气,2010-07-01,2011-07-01
601139,深圳燃气,2013-07-01,2014-12-15
601155,新城控股,2016-12-12,2024-06-17
601158,重庆水务,2011-01-04,2016-06-13
601162,天风证券,2019-06-17,2022-06-13
601163,三角轮胎,2017-06-12,2018-06-11
601166,兴业银行,2007-02-26,
601168,西部矿业,2008-01-02,2015-12-14
601169,北京银行,2008-01-02,
601179,中国西电,2010-07-01,2013-07-01
601179,中国西电,2014-06-16,2016-12-12
601186,中国铁建,2009-01-05,
601198,东兴证券,2015-12-14,2021-06-15
601211,国泰海通,2015-12-14,
601212,白银有色,2017-12-11,2020-12-14
601216,内蒙君正,2012-01-04,2013-07-01
601216,内蒙君正,2014-06-16,2023-12-11
601225,陕西煤业,2014-06-16,
601228,广州港,2017-12-11,2019-12-16
601229,上海银行,2017-06-12,
601231,环旭电子,2013-12-16,2016-06-13
601231,环旭电子,2020-06-15,2022-06-13
601233,桐昆股份,2012-01-04,2013-07-01
601236,红塔证券,2019-12-16,2026-06-15
601238,广汽集团,2013-01-04,2014-12-15
601238,广汽集团,2015-12-14,2016-06-13
601238,广汽集团,2018-06-11,
601258,庞大集团,2012-01-04,2017-06-12
601268,二重重装,2011-01-04,2013-01-04
601288,农业银行,2010-07-29,
601298,青岛港,2019-06-17,2020-12-14
601298,青岛港,2025-08-13,2026-06-15
601299,中国北车,2010-07-01,2015-05-15
601318,中国平安,2007-03-15,
601319,中国人保,2019-06-17,
601328,交通银行,2007-05-29,
601333,广深铁路,2007-07-02,2019-06-17
601336,新华保险,2012-07-02,
601360,三六零,2018-06-11,
601369,陕鼓动力,2011-01-04,2014-06-16
601375,中原证券,2017-06-12,2018-06-11
601377,兴业证券,2011-07-01,
601390,中国中铁,2008-07-01,
601398,工商银行,2006-11-10,
601456,国联民生,2025-12-15,
601519,大智慧,2011-07-01,2012-07-02
601555,东吴证券,2012-07-02,2021-12-13
601558,华锐风电,2011-07-01,2013-07-01
601566,九牧王,2012-07-02,2013-01-04
601577,长沙银行,2019-06-17,2021-06-15
601588,北辰实业,2007-07-02,2011-01-04
601600,中国铝业,2007-04-30,
601601,中国太保,2008-07-01,
601607,上海医药,2010-07-01,2022-06-13
601607,上海医药,2023-06-12,
601608,中信重工,2015-12-14,2018-06-11
601611,中国核建,2016-12-12,2019-06-17
601615,明阳智能,2022-12-12,2024-06-17
601618,中国中冶,2010-01-04,
601628,中国人寿,2007-01-23,
601633,长城汽车,2012-07-02,
601658,邮储银行,2020-06-15,
601666,平煤天安,2007-07-02,2014-12-15
601668,中国建筑,2010-01-04,
601669,中国电建,2012-07-02,
601688,华泰证券,2010-07-01,
601689,拓普集团,2022-12-12,
601696,中银证券,2020-12-14,2022-06-13
601698,中国卫通,2019-12-16,
601699,潞安环能,2007-07-02,2016-06-13
601699,潞安环能,2023-06-12,2025-12-15
601717,郑煤机,2011-07-01,2014-06-16
601718,际华集团,2011-07-01,2013-01-04
601718,际华集团,2015-12-14,2018-12-17
601727,上海电气,2009-07-01,2012-07-02
601727,上海电气,2014-12-15,2021-12-13
601727,上海电气,2026-06-15,
601728,中国电信,2021-12-13,
601766,中国中车,2009-07-01,
601788,光大证券,2010-07-01,2013-12-16
601788,光大证券,2015-06-15,
601799,星宇股份,2021-06-15,2025-12-15
601800,中国交建,2013-01-04,
601801,皖新传媒,2010-07-01,2011-01-04
601808,中海油服,2008-01-02,2016-12-12
601808,中海油服,2018-06-11,2026-06-15
601816,京沪高铁,2020-06-15,
601818,光大银行,2011-01-04,
601825,沪农商行,2022-06-13,2022-12-12
601825,沪农商行,2025-06-16,
601828,美凯龙,2018-06-11,2020-12-14
601838,成都银行,2018-06-11,
601857,中国石油,2007-11-19,
601865,福莱特,2021-12-13,2025-12-15
601866,中海集运,2008-07-01,2018-12-17
601868,中国能建,2021-12-13,
601872,招商轮船,2007-07-02,2011-01-04
601872,招商轮船,2015-12-14,2018-06-11
601872,招商轮船,2020-12-14,2021-12-13
601872,招商轮船,2023-06-12,
601877,正泰电器,2010-07-01,2011-07-01
601877,正泰电器,2016-12-12,
601878,浙商证券,2017-12-11,
601881,中国银河,2017-06-12,
601888,中国中免,2010-07-01,
601898,中煤能源,2008-07-01,2016-12-12
601898,中煤能源,2017-12-11,2020-12-14
601898,中煤能源,2021-12-13,
601899,紫金矿业,2009-01-05,
601901,方正证券,2012-07-02,
601916,浙商银行,2020-06-15,2022-12-12
601916,浙商银行,2023-12-11,
601918,国投新集,2008-07-01,2014-12-15
601919,中远海控,2008-01-02,2013-01-04
601919,中远海控,2015-06-15,
601928,凤凰传媒,2012-07-02,2017-06-12
601929,吉视传媒,2014-06-16,2015-12-14
601933,永辉超市,2011-07-01,2022-06-13
601939,建设银行,2008-07-01,
601958,金钼股份,2009-01-05,2018-12-17
601966,玲珑轮胎,2017-06-12,2018-06-11
601966,玲珑轮胎,2021-12-13,2023-06-12
601969,海南矿业,2015-06-15,2016-06-13
601985,中国核电,2015-12-14,
601988,中国银行,2006-07-19,
601989,中国重工,2010-07-01,2025-08-13
601990,南京证券,2020-12-14,2022-06-13
601991,大唐发电,2007-07-02,2011-01-04
601991,大唐发电,2012-01-04,2013-01-04
601991,大唐发电,2013-07-01,2014-12-15
601991,大唐发电,2015-06-15,2016-12-12
601991,大唐发电,2017-12-11,2019-06-17
601992,金隅股份,2012-01-04,2016-12-12
601992,金隅股份,2017-06-12,2020-12-14
601995,中金公司,2021-06-15,
601997,贵阳银行,2017-06-12,2020-12-14
601998,中信银行,2007-05-18,
603000,人民网,2013-12-16,2017-06-12
603019,中科曙光,2019-06-17,
603087,甘李药业,2020-12-14,2022-12-12
603156,养元饮品,2018-12-17,2021-06-15
603160,汇顶科技,2017-06-12,2022-12-12
603185,上机数控,2022-06-13,2023-12-11
603195,公牛集团,2020-12-14,2026-06-15
603233,大参林,2021-06-15,2022-06-13
603259,药明康德,2018-12-17,
603260,合盛硅业,2018-06-11,2020-12-14
603260,合盛硅业,2021-12-13,
603288,海天味业,2014-12-15,2016-06-13
603288,海天味业,2018-06-11,
603290,斯达半导,2022-06-13,2024-06-17
603296,华勤技术,2024-06-17,
603338,浙江鼎力,2021-06-15,2022-06-13
603369,今世缘,2020-06-15,
603392,万泰生物,2020-12-14,
603486,科沃斯,2021-12-13,2024-06-17
603501,豪威集团,2019-12-16,
603517,绝味食品,2021-06-15,2022-06-13
603658,安图生物,2020-06-15,2022-06-13
603659,璞泰来,2021-06-15,2025-06-16
603699,纽威股份,2014-06-16,2015-06-15
603799,华友钴业,2017-12-11,
603806,福斯特,2021-06-15,2025-12-15
603833,欧派家居,2017-12-11,2025-12-15
603858,步长制药,2017-06-12,2019-12-16
603882,金域医学,2021-06-15,2023-06-12
603885,吉祥航空,2015-12-14,2017-06-12
603893,瑞芯微,2025-12-15,
603899,晨光文具,2019-12-16,2024-12-16
603939,益丰药房,2021-06-15,2022-06-13
603986,兆易创新,2018-12-17,
603993,洛阳钼业,2013-07-01,
605117,德业股份,2022-12-12,
605499,东鹏饮料,2021-12-13,
688005,容百科技,2022-06-13,2023-12-11
688008,澜起科技,2020-12-14,
688009,中国通号,2020-12-14,2022-06-13
688009,中国通号,2024-06-17,
688012,中微公司,2020-12-14,
688036,传音控股,2020-12-14,
688041,海光信息,2023-12-11,
688047,龙芯中科,2025-06-16,
688065,凯赛生物,2022-06-13,2024-06-17
688072,拓荆科技,2026-06-15,
688082,盛美上海,2024-06-17,
688111,金山办公,2021-06-15,
688126,沪硅产业,2021-06-15,
688169,石头科技,2021-06-15,2023-06-12
688169,石头科技,2024-12-16,2026-06-15
688183,生益电子,2026-06-15,
688187,时代电气,2022-12-12,2026-06-15
688223,晶科能源,2023-06-12,
688256,寒武纪,2023-12-11,
688271,联影医疗,2023-12-11,
688303,大全能源,2022-12-12,
688363,华熙生物,2021-06-15,2024-12-16
688396,华润微,2021-06-15,
688472,阿特斯,2024-12-16,
688506,百利天恒,2024-12-16,
688521,芯原股份,2026-06-15,
688561,奇安信-U,2021-12-13,2024-06-17
688599,天合光能,2021-12-13,2025-12-15
688981,中芯国际,2021-12-13,
