code,status,n_days,first_date,last_date
000001,ok,5361,2004-01-02,2026-09-09
000002,ok,5310,2004-01-02,2026-09-09
000008,ok,5134,2004-01-02,2026-09-09
000009,ok,5308,2004-01-02,2026-09-09
000012,ok,5404,2004-01-02,2026-09-09
000016,ok,5336,2004-01-02,2026-09-03
000021,ok,5414,2004-01-02,2026-09-09
000022,ok,3284,2004-01-02,2018-12-20
000024,ok,2665,2004-01-02,2015-12-07
000027,ok,5383,2004-01-02,2026-09-09
000029,ok,4443,2004-01-02,2026-09-09
000031,ok,5223,2004-01-02,2026-09-09
000036,ok,5366,2004-01-02,2026-09-09
000039,ok,5416,2004-01-02,2026-09-09
000046,ok,4700,2004-01-02,2023-12-27
000059,ok,5340,2004-01-02,2026-09-09
000060,ok,5433,2004-01-02,2026-09-09
000061,ok,5228,2004-01-02,2026-09-09
000063,ok,5371,2004-01-02,2026-09-09
000066,ok,5206,2004-01-02,2026-09-09
000068,ok,4899,2004-01-02,2026-09-09
000069,ok,5384,2004-01-02,2026-09-09
000088,ok,5370,2004-01-02,2026-09-09
000089,ok,5453,2004-01-02,2026-09-09
000096,ok,5467,2004-01-02,2026-09-09
000099,ok,5348,2004-01-02,2026-09-09
000100,ok,5143,2004-01-30,2026-09-09
000156,ok,3734,2004-01-02,2026-09-09
000157,ok,5382,2004-01-02,2026-09-09
000166,ok,2796,2015-01-26,2026-09-09
000301,ok,5219,2004-01-02,2026-09-09
000333,ok,3092,2013-09-18,2026-09-09
000338,ok,4646,2007-04-30,2026-09-09
000400,ok,5238,2004-01-02,2026-09-09
000401,ok,5261,2004-01-02,2026-09-09
000402,ok,5449,2004-01-02,2026-09-09
000406,ok,534,2004-01-02,2006-04-06
000408,ok,5023,2004-01-02,2026-09-09
000410,ok,5367,2004-01-02,2026-09-09
000413,ok,4701,2004-01-02,2024-08-14
000415,ok,4791,2004-01-02,2026-09-09
000420,ok,5393,2004-01-02,2026-09-09
000422,ok,5382,2004-01-02,2026-09-09
000423,ok,5357,2004-01-02,2026-09-09
000425,ok,5370,2004-01-02,2026-09-09
000429,ok,5246,2004-01-02,2026-09-09
000488,ok,5423,2004-01-02,2026-09-09
000498,ok,4188,2004-01-02,2026-09-09
000503,ok,5209,2004-01-02,2026-09-09
000507,ok,5416,2004-01-02,2026-09-09
000511,ok,2981,2004-01-02,2018-07-17
000518,ok,5324,2004-01-02,2026-09-09
000520,ok,4774,2004-01-02,2026-09-09
000527,ok,2092,2004-01-02,2013-08-14
000528,ok,5436,2004-01-02,2026-09-09
000532,ok,5357,2004-01-02,2026-09-09
000533,ok,5249,2004-01-02,2026-09-09
000536,ok,4782,2004-01-02,2026-09-09
000538,ok,5289,2004-01-02,2026-09-09
000539,ok,5324,2004-01-02,2026-09-09
000540,ok,4169,2004-01-02,2023-05-18
000541,ok,5414,2004-01-02,2026-09-09
000543,ok,5434,2004-01-02,2026-09-09
000550,ok,5455,2004-01-02,2026-09-09
000553,ok,5074,2004-01-02,2026-09-09
000555,ok,5005,2004-01-02,2026-09-09
000559,ok,5445,2004-01-02,2026-09-09
000562,ok,2393,2004-01-02,2014-12-09
000568,ok,5405,2004-01-02,2026-09-09
000571,ok,5108,2004-01-02,2026-09-09
000572,ok,5446,2004-01-02,2026-09-09
000573,ok,5465,2004-01-02,2026-09-09
000581,ok,5460,2004-01-02,2026-09-09
000596,ok,5310,2004-01-02,2026-09-09
000598,ok,5427,2004-01-02,2026-09-09
000599,ok,5429,2004-01-02,2026-09-09
000601,ok,5386,2004-01-02,2026-09-09
000607,ok,5217,2004-01-02,2026-09-09
000612,ok,5170,2004-01-02,2026-09-09
000617,ok,5303,2004-01-02,2026-09-09
000618,ok,493,2004-01-02,2006-02-10
000623,ok,5382,2004-01-02,2026-09-09
000625,ok,5278,2004-01-02,2026-09-09
000627,ok,5021,2004-01-02,2025-08-13
000629,ok,4912,2004-01-02,2026-09-09
000630,ok,5285,2004-01-02,2026-09-09
000631,ok,4741,2004-01-02,2026-09-09
000636,ok,5276,2004-01-02,2026-09-09
000651,ok,5305,2004-01-02,2026-09-09
000652,ok,5240,2004-01-02,2026-09-09
000656,ok,5131,2004-01-02,2026-09-09
000657,ok,4464,2004-01-02,2026-09-09
000659,ok,5322,2004-01-02,2026-09-09
000661,ok,5414,2004-01-02,2026-09-09
000666,ok,4421,2004-01-02,2023-08-31
000667,ok,4634,2004-01-02,2023-05-25
000671,ok,4436,2004-01-02,2023-06-09
000680,ok,5433,2004-01-02,2026-09-09
000682,ok,5192,2004-01-02,2026-09-09
000685,ok,5396,2004-01-02,2026-09-09
000686,ok,5263,2004-01-02,2026-09-09
000690,ok,5413,2004-01-02,2026-09-09
000698,ok,5332,2004-01-02,2026-09-09
000703,ok,5338,2004-01-02,2026-09-09
000707,ok,5339,2004-01-02,2026-09-09
000708,ok,5331,2004-01-02,2026-09-09
000709,ok,5306,2004-01-02,2026-09-09
000712,ok,5147,2004-01-02,2026-09-09
000717,ok,5361,2004-01-02,2026-09-09
000718,ok,5119,2004-01-02,2026-09-09
000723,ok,4950,2004-01-02,2026-09-09
000725,ok,5397,2004-01-02,2026-09-09
000726,ok,5417,2004-01-02,2026-09-09
000727,ok,5307,2004-01-02,2026-09-09
000728,ok,5200,2004-01-02,2026-09-09
000729,ok,5458,2004-01-02,2026-09-09
000733,ok,5446,2004-01-02,2026-09-09
000735,ok,5433,2004-01-02,2026-09-09
000737,ok,5404,2004-01-02,2026-09-09
000738,ok,5380,2004-01-02,2026-09-09
000750,ok,4307,2004-01-02,2026-09-09
000751,ok,5015,2004-01-02,2026-09-09
000755,ok,5082,2004-01-02,2026-09-09
000758,ok,5392,2004-01-02,2026-09-09
000761,ok,5414,2004-01-02,2026-09-09
000763,ok,467,2004-01-02,2005-12-14
000767,ok,5330,2004-01-02,2026-09-09
000768,ok,5351,2004-01-02,2026-09-09
000776,ok,4585,2004-01-02,2026-09-09
000778,ok,5397,2004-01-02,2026-09-09
000780,ok,4222,2004-01-02,2021-12-16
000783,ok,5215,2004-01-02,2026-09-09
000786,ok,5315,2004-01-02,2026-09-09
000792,ok,4924,2004-01-02,2026-09-09
000793,ok,5023,2004-01-02,2026-09-09
000800,ok,5437,2004-01-02,2026-09-09
000806,ok,4260,2004-01-02,2023-07-05
000807,ok,5334,2004-01-02,2026-09-09
000817,ok,468,2004-01-02,2005-12-14
000822,ok,5452,2004-01-02,2026-09-09
000823,ok,5471,2004-01-02,2026-09-09
000825,ok,5352,2004-01-02,2026-09-09
000826,ok,5362,2004-01-02,2026-09-09
000828,ok,5328,2004-01-02,2026-09-09
000829,ok,5184,2004-01-02,2026-09-09
000831,ok,4987,2004-01-02,2026-09-09
000839,ok,5331,2004-01-02,2026-09-09
000858,ok,5384,2004-01-02,2026-09-09
000860,ok,5422,2004-01-02,2026-09-09
000866,ok,536,2004-01-02,2006-04-06
000869,ok,5458,2004-01-02,2026-09-09
000875,ok,5300,2004-01-02,2026-09-09
000876,ok,5277,2004-01-02,2026-09-09
000877,ok,5408,2004-01-02,2026-09-09
000878,ok,5302,2004-01-02,2026-09-09
000883,ok,5234,2004-01-02,2026-09-09
000886,ok,5436,2004-01-02,2026-09-09
000895,ok,4961,2004-01-02,2026-09-09
000897,ok,5403,2004-01-02,2026-09-09
000898,ok,5452,2004-01-02,2026-09-09
000900,ok,5274,2004-01-02,2026-09-09
000912,ok,5024,2004-01-02,2026-09-09
000916,ok,3077,2004-01-02,2017-12-04
000917,ok,5130,2004-01-02,2026-09-09
000920,ok,5102,2004-01-02,2026-09-09
000921,ok,5166,2004-01-02,2026-09-09
000927,ok,5380,2004-01-02,2026-09-09
000930,ok,5307,2004-01-02,2026-09-09
000932,ok,5251,2004-01-02,2026-09-09
000933,ok,5425,2004-01-02,2026-09-09
000937,ok,5430,2004-01-02,2026-09-09
000938,ok,5272,2004-01-02,2026-09-09
000939,ok,3366,2004-01-02,2020-12-16
000949,ok,5424,2004-01-02,2026-09-09
000951,ok,5352,2004-01-02,2026-09-09
000956,ok,533,2004-01-02,2006-04-06
000959,ok,5067,2004-01-02,2026-09-09
000960,ok,5358,2004-01-02,2026-09-09
000961,ok,4656,2004-01-02,2024-05-08
000962,ok,5214,2004-01-02,2026-09-09
000963,ok,5355,2004-01-02,2026-09-09
000968,ok,5240,2004-01-02,2026-09-09
000969,ok,5375,2004-01-02,2026-09-09
000970,ok,5436,2004-01-02,2026-09-09
000975,ok,5000,2004-01-02,2026-09-09
000977,ok,5396,2004-01-02,2026-09-09
000983,ok,5458,2004-01-02,2026-09-09
000988,ok,5437,2004-01-02,2026-09-09
000997,ok,5319,2004-01-02,2026-09-09
000999,ok,5244,2004-01-02,2026-09-09
001280,ok,188,2025-12-03,2026-09-09
001289,ok,1122,2022-01-24,2026-09-09
001391,ok,412,2024-12-30,2026-09-09
001965,ok,2114,2017-12-25,2026-09-09
001979,ok,2583,2015-12-30,2026-09-09
002001,ok,5341,2004-06-25,2026-09-09
002007,ok,5325,2004-06-25,2026-09-09
002008,ok,5313,2004-06-25,2026-09-09
002010,ok,5219,2004-06-29,2026-09-09
002024,ok,5297,2004-07-21,2026-09-09
002025,ok,5137,2004-07-26,2026-09-09
002027,ok,5224,2004-08-04,2026-09-09
002028,ok,5326,2004-08-05,2026-09-09
002032,ok,5258,2004-08-17,2026-09-09
002038,ok,5297,2004-09-09,2026-09-09
002044,ok,4819,2005-05-18,2026-09-09
002049,ok,4829,2005-06-06,2026-09-09
002050,ok,4942,2005-06-07,2026-09-09
002051,ok,4685,2006-06-19,2026-09-09
002052,ok,4590,2006-06-27,2026-09-09
002064,ok,4847,2006-08-23,2026-09-09
002065,ok,4501,2006-08-23,2026-09-09
002069,ok,4655,2006-09-28,2026-09-09
002073,ok,4775,2006-10-18,2026-09-09
002074,ok,4605,2006-10-18,2026-09-09
002078,ok,4758,2006-11-16,2026-09-09
002081,ok,4741,2006-11-20,2026-09-09
002083,ok,4790,2006-11-24,2026-09-09
002085,ok,4640,2006-11-28,2026-09-09
002092,ok,4600,2006-12-08,2026-09-09
002097,ok,4666,2006-12-22,2026-09-09
002106,ok,4616,2007-01-12,2026-09-09
002110,ok,4470,2007-01-26,2026-09-09
002120,ok,4618,2007-03-06,2026-09-09
002122,ok,4513,2007-03-28,2026-09-09
002128,ok,4527,2007-04-18,2026-09-09
002129,ok,4167,2007-04-20,2026-09-09
002131,ok,4344,2007-04-27,2026-09-09
002142,ok,4632,2007-07-19,2026-09-09
002146,ok,4578,2007-08-08,2026-09-09
002152,ok,4567,2007-08-13,2026-09-09
002153,ok,4509,2007-08-13,2026-09-09
002155,ok,4540,2007-08-16,2026-09-09
002157,ok,4516,2007-08-17,2026-09-09
002174,ok,4327,2007-09-25,2026-09-09
002179,ok,4566,2007-11-01,2026-09-09
002180,ok,4230,2007-11-13,2026-09-09
002183,ok,4402,2007-11-13,2026-09-09
002194,ok,4501,2007-12-07,2026-09-09
002195,ok,4457,2007-12-12,2026-09-09
002202,ok,4515,2007-12-26,2026-09-09
002230,ok,4369,2008-05-12,2026-09-09
002236,ok,4426,2008-05-20,2026-09-09
002241,ok,4418,2008-05-22,2026-09-09
002242,ok,4408,2008-05-28,2026-09-09
002244,ok,4423,2008-05-29,2026-09-09
002252,ok,3933,2008-06-23,2026-09-09
002269,ok,4324,2008-08-28,2026-09-09
002271,ok,4345,2008-09-10,2026-09-09
002275,ok,4162,2009-07-10,2026-09-09
002292,ok,3977,2009-09-10,2026-09-09
002294,ok,4124,2009-09-10,2026-09-09
002299,ok,3978,2009-10-21,2026-09-09
002304,ok,4081,2009-11-06,2026-09-09
002310,ok,3842,2009-11-27,2026-09-09
002311,ok,4053,2009-11-27,2026-09-09
002344,ok,3931,2010-01-26,2026-09-09
002352,ok,3972,2010-02-05,2026-09-09
002353,ok,3910,2010-02-05,2026-09-09
002371,ok,3925,2010-03-16,2026-09-09
002375,ok,3945,2010-03-23,2026-09-09
002378,ok,3961,2010-03-31,2026-09-09
002384,ok,3778,2010-04-09,2026-09-09
002385,ok,3945,2010-04-09,2026-09-09
002399,ok,3734,2010-05-06,2026-09-09
002400,ok,3740,2010-05-06,2026-09-09
002405,ok,3822,2010-05-18,2026-09-09
002410,ok,3914,2010-05-25,2026-09-09
002411,ok,2809,2010-05-25,2023-07-11
002414,ok,3833,2010-07-16,2026-09-09
002415,ok,3902,2010-05-28,2026-09-09
002416,ok,3879,2010-05-28,2026-09-09
002422,ok,3925,2010-06-03,2026-09-09
002424,ok,3931,2010-06-03,2026-09-09
002426,ok,3618,2010-06-08,2026-09-09
002429,ok,3848,2010-06-10,2026-09-09
002431,ok,3780,2010-06-10,2026-09-09
002450,ok,1943,2010-07-16,2021-05-28
002456,ok,3830,2010-08-03,2026-09-09
002459,ok,3816,2010-08-10,2026-09-09
002460,ok,3818,2010-08-10,2026-09-09
002463,ok,3892,2010-08-18,2026-09-09
002465,ok,3744,2010-08-31,2026-09-09
002466,ok,3733,2010-08-31,2026-09-09
002468,ok,3750,2010-09-08,2026-09-09
002470,ok,3770,2010-09-08,2026-09-09
002475,ok,3853,2010-09-15,2026-09-09
002493,ok,3843,2010-11-02,2026-09-09
002498,ok,3772,2010-11-09,2026-09-09
002500,ok,3721,2010-11-15,2026-09-09
002508,ok,3832,2010-11-23,2026-09-09
002532,ok,3692,2010-12-31,2026-09-09
002555,ok,3489,2011-03-02,2026-09-09
002558,ok,3403,2011-03-02,2026-09-09
002568,ok,3684,2011-03-25,2026-09-09
002570,ok,3629,2011-04-12,2026-09-09
002572,ok,3714,2011-04-12,2026-09-09
002594,ok,3681,2011-06-30,2026-09-09
002600,ok,3426,2011-07-15,2026-09-09
002601,ok,3576,2011-07-15,2026-09-09
002602,ok,3202,2011-07-28,2026-09-09
002603,ok,3653,2011-07-28,2026-09-09
002607,ok,3488,2011-08-10,2026-09-09
002608,ok,3265,2011-08-10,2026-09-09
002624,ok,3226,2011-10-28,2026-09-09
002625,ok,3297,2011-11-03,2026-09-09
002648,ok,3544,2011-12-28,2026-09-09
002653,ok,3552,2012-01-17,2026-09-09
002673,ok,3471,2012-05-03,2026-09-09
002709,ok,3044,2014-01-23,2026-09-09
002714,ok,3043,2014-01-28,2026-09-09
002736,ok,2827,2014-12-29,2026-09-09
002739,ok,2378,2015-01-22,2026-09-09
002756,ok,2619,2015-05-15,2026-09-09
002773,ok,2725,2015-06-26,2026-09-09
002791,ok,2541,2016-03-29,2026-09-09
002797,ok,2495,2016-05-11,2026-09-09
002812,ok,2328,2016-09-14,2026-09-09
002821,ok,2384,2016-11-18,2026-09-09
002831,ok,2364,2016-12-16,2026-09-09
002837,ok,2279,2016-12-29,2026-09-09
002839,ok,2327,2017-01-24,2026-09-09
002841,ok,2341,2017-01-19,2026-09-09
002916,ok,2120,2017-12-13,2026-09-09
002920,ok,2113,2017-12-26,2026-09-09
002925,ok,2098,2018-01-15,2026-09-09
002938,ok,1934,2018-09-18,2026-09-09
002939,ok,1912,2018-10-26,2026-09-09
002945,ok,1855,2019-01-17,2026-09-09
002958,ok,1812,2019-03-26,2026-09-09
003816,ok,1708,2019-08-26,2026-09-09
300002,ok,3977,2009-10-30,2026-09-09
300003,ok,3977,2009-10-30,2026-09-09
300014,ok,4036,2009-10-30,2026-09-09
300015,ok,4074,2009-10-30,2026-09-09
300017,ok,4044,2009-10-30,2026-09-09
300024,ok,4088,2009-10-30,2026-09-09
300027,ok,3901,2009-10-30,2026-09-09
300033,ok,4038,2009-12-25,2026-09-09
300058,ok,3811,2010-02-26,2026-09-09
300059,ok,3939,2010-03-19,2026-09-09
300070,ok,3892,2010-04-21,2026-09-09
300072,ok,3909,2010-04-27,2026-09-09
300085,ok,3743,2010-05-26,2026-09-09
300104,ok,1700,2010-08-12,2020-07-20
300122,ok,3799,2010-09-28,2026-09-09
300124,ok,3854,2010-09-28,2026-09-09
300133,ok,3733,2010-10-26,2026-09-09
300136,ok,3778,2010-11-05,2026-09-09
300142,ok,3571,2010-11-12,2026-09-09
300144,ok,3736,2010-12-09,2026-09-09
300146,ok,3652,2010-12-15,2026-09-09
300168,ok,3565,2011-01-25,2026-09-09
300182,ok,3624,2011-02-22,2026-09-09
300207,ok,3687,2011-04-21,2026-09-09
300223,ok,3467,2011-05-31,2026-09-09
300251,ok,3552,2011-08-03,2026-09-09
300274,ok,3582,2011-11-02,2026-09-09
300296,ok,3343,2012-03-15,2026-09-09
300308,ok,3337,2012-04-10,2026-09-09
300315,ok,3103,2012-05-11,2026-09-09
300316,ok,3382,2012-05-11,2026-09-09
300347,ok,3278,2012-08-17,2026-09-09
300394,ok,2798,2015-02-17,2026-09-09
300408,ok,2852,2014-12-03,2026-09-09
300413,ok,2569,2015-01-21,2026-09-09
300418,ok,2758,2015-01-21,2026-09-09
300433,ok,2769,2015-03-18,2026-09-09
300442,ok,2752,2015-04-24,2026-09-09
300450,ok,2604,2015-05-18,2026-09-09
300454,ok,2022,2018-05-16,2026-09-09
300476,ok,2730,2015-06-11,2026-09-09
300496,ok,2551,2015-12-10,2026-09-09
300498,ok,2630,2015-11-02,2026-09-09
300502,ok,2557,2016-03-03,2026-09-09
300529,ok,2455,2016-08-02,2026-09-09
300558,ok,2393,2016-11-07,2026-09-09
300595,ok,2343,2017-01-17,2026-09-09
300601,ok,2333,2017-02-07,2026-09-09
300628,ok,2305,2017-03-17,2026-09-09
300661,ok,2243,2017-06-06,2026-09-09
300676,ok,2215,2017-07-14,2026-09-09
300677,ok,2220,2017-07-21,2026-09-09
300750,ok,2004,2018-06-11,2026-09-09
300751,ok,1902,2018-11-09,2026-09-09
300759,ok,1848,2019-01-28,2026-09-09
300760,ok,1920,2018-10-16,2026-09-09
300763,ok,1817,2019-03-19,2026-09-09
300769,ok,1799,2019-04-15,2026-09-09
300782,ok,1757,2019-06-18,2026-09-09
300803,ok,1654,2019-11-18,2026-09-09
300832,ok,1539,2020-05-12,2026-09-09
300866,ok,1467,2020-08-24,2026-09-09
300888,ok,1449,2020-09-17,2026-09-09
300896,ok,1442,2020-09-28,2026-09-09
300919,ok,1386,2020-12-23,2026-09-09
300957,ok,1326,2021-03-25,2026-09-09
300979,ok,1305,2021-04-26,2026-09-09
300999,ok,1435,2020-10-15,2026-09-09
301165,ok,924,2022-11-21,2026-09-09
301236,ok,1091,2022-03-15,2026-09-09
301269,ok,989,2022-07-29,2026-09-09
301308,ok,994,2022-08-05,2026-09-09
302132,ok,3805,2010-08-27,2026-09-09
600000,ok,5407,2004-01-02,2026-09-09
600001,ok,1332,2004-01-02,2009-12-15
600002,ok,536,2004-01-02,2006-04-06
600003,ok,1207,2004-01-02,2009-03-13
600004,ok,5462,2004-01-02,2026-09-09
600005,ok,3012,2004-01-02,2017-01-23
600006,ok,5412,2004-01-02,2026-09-09
600007,ok,5464,2004-01-02,2026-09-09
600008,ok,5423,2004-01-02,2026-09-09
600009,ok,5459,2004-01-02,2026-09-09
600010,ok,5399,2004-01-02,2026-09-09
600011,ok,5448,2004-01-02,2026-09-09
600012,ok,5447,2004-01-02,2026-09-09
600015,ok,5413,2004-01-02,2026-09-09
600016,ok,5458,2004-01-02,2026-09-09
600017,ok,4799,2006-10-17,2026-09-09
600018,ok,4757,2006-10-26,2026-09-09
600019,ok,5366,2004-01-02,2026-09-09
600020,ok,5428,2004-01-02,2026-09-09
600021,ok,5347,2004-01-02,2026-09-09
600022,ok,5056,2004-06-29,2026-09-09
600023,ok,3095,2013-12-19,2026-09-09
600025,ok,2120,2017-12-15,2026-09-09
600026,ok,5352,2004-01-02,2026-09-09
600027,ok,5178,2005-02-03,2026-09-09
600028,ok,5465,2004-01-02,2026-09-09
600029,ok,5408,2004-01-02,2026-09-09
600030,ok,5416,2004-01-02,2026-09-09
600031,ok,5460,2004-01-02,2026-09-09
600033,ok,5471,2004-01-02,2026-09-09
600035,ok,5247,2004-03-10,2026-09-09
600036,ok,5440,2004-01-02,2026-09-09
600037,ok,5441,2004-01-02,2026-09-09
600038,ok,5352,2004-01-02,2026-09-09
600039,ok,5367,2004-01-02,2026-09-09
600048,ok,4864,2006-07-31,2026-09-09
600050,ok,5373,2004-01-02,2026-09-09
600057,ok,4834,2004-01-02,2026-09-09
600058,ok,5263,2004-01-02,2026-09-09
600060,ok,5454,2004-01-02,2026-09-09
600061,ok,5320,2004-01-02,2026-09-09
600062,ok,5404,2004-01-02,2026-09-09
600066,ok,5424,2004-01-02,2026-09-09
600068,ok,4181,2004-01-02,2021-09-01
600072,ok,5361,2004-01-02,2026-09-09
600073,ok,5362,2004-01-02,2026-09-09
600074,ok,3164,2004-01-02,2020-05-26
600078,ok,5381,2004-01-02,2026-09-09
600079,ok,5417,2004-01-02,2026-09-09
600085,ok,5480,2004-01-02,2026-09-09
600087,ok,2233,2004-01-02,2014-06-04
600088,ok,5365,2004-01-02,2026-09-09
600089,ok,5340,2004-01-02,2026-09-09
600091,ok,4213,2004-01-02,2022-06-15
600096,ok,5190,2004-01-02,2026-09-09
600098,ok,5441,2004-01-02,2026-09-09
600100,ok,5294,2004-01-02,2026-09-09
600102,ok,1663,2004-01-02,2012-02-08
600103,ok,5376,2004-01-02,2026-09-09
600104,ok,5404,2004-01-02,2026-09-09
600108,ok,5429,2004-01-02,2026-09-09
600109,ok,5345,2004-01-02,2026-09-09
600110,ok,5140,2004-01-02,2026-09-09
600111,ok,5470,2004-01-02,2026-09-09
600115,ok,5319,2004-01-02,2026-09-09
600117,ok,5366,2004-01-02,2026-09-09
600118,ok,5450,2004-01-02,2026-09-09
600121,ok,5328,2004-01-02,2026-09-09
600123,ok,5465,2004-01-02,2026-09-09
600125,ok,5464,2004-01-02,2026-09-09
600126,ok,5381,2004-01-02,2026-09-09
600132,ok,5380,2004-01-02,2026-09-09
600135,ok,5435,2004-01-02,2026-09-09
600138,ok,5452,2004-01-02,2026-09-09
600143,ok,5259,2004-06-23,2026-09-09
600150,ok,5308,2004-01-02,2026-09-09
600151,ok,5238,2004-01-02,2026-09-09
600153,ok,5229,2004-01-02,2026-09-09
600157,ok,4962,2004-01-02,2026-09-09
600158,ok,5296,2004-01-02,2026-09-09
600160,ok,5403,2004-01-02,2026-09-09
600161,ok,5293,2004-01-02,2026-09-09
600166,ok,5419,2004-01-02,2026-09-09
600169,ok,5444,2004-01-02,2026-09-09
600170,ok,5403,2004-01-02,2026-09-09
600171,ok,5412,2004-01-02,2026-09-09
600176,ok,5407,2004-01-02,2026-09-09
600177,ok,5399,2004-01-02,2026-09-09
600183,ok,5438,2004-01-02,2026-09-09
600188,ok,5448,2004-01-02,2026-09-09
600190,ok,5090,2004-01-02,2025-07-18
600196,ok,5438,2004-01-02,2026-09-09
600198,ok,5236,2004-01-02,2026-09-09
600200,ok,5185,2004-01-02,2025-12-29
600205,ok,690,2004-01-02,2007-01-09
600207,ok,5345,2004-01-02,2026-09-09
600208,ok,5327,2004-01-02,2026-09-09
600210,ok,5442,2004-01-02,2026-09-09
600215,ok,5341,2004-01-02,2026-09-09
600216,ok,5441,2004-01-02,2026-09-09
600219,ok,5351,2004-01-02,2026-09-09
600220,ok,4903,2004-01-02,2024-06-13
600221,ok,5259,2004-01-02,2026-09-09
600228,ok,5116,2004-01-02,2026-09-09
600231,ok,5378,2004-01-02,2026-09-09
600233,ok,5381,2004-01-02,2026-09-09
600236,ok,5324,2004-01-02,2026-09-09
600239,ok,4972,2004-01-02,2026-09-09
600246,ok,5169,2004-01-02,2026-09-09
600251,ok,5413,2004-01-02,2026-09-09
600252,ok,5395,2004-01-02,2026-09-09
600256,ok,5407,2004-01-02,2026-09-09
600259,ok,4899,2004-01-02,2026-09-09
600266,ok,5436,2004-01-02,2026-09-09
600267,ok,5404,2004-01-02,2026-09-09
600269,ok,5426,2004-01-02,2026-09-09
600270,ok,3529,2004-01-02,2018-12-12
600271,ok,5322,2004-01-02,2026-09-09
600276,ok,5470,2004-01-02,2026-09-09
600277,ok,4607,2004-01-02,2024-06-21
600282,ok,5389,2004-01-02,2026-09-09
600296,ok,704,2004-01-02,2007-01-09
600297,ok,4650,2004-01-02,2024-07-17
600299,ok,5242,2004-01-02,2026-09-09
600300,ok,5420,2004-01-02,2026-09-09
600307,ok,5431,2004-01-02,2026-09-09
600308,ok,5454,2004-01-02,2026-09-09
600309,ok,5321,2004-01-02,2026-09-09
600312,ok,5333,2004-01-02,2026-09-09
600315,ok,5207,2004-01-02,2026-09-09
600316,ok,5383,2004-01-02,2026-09-09
600317,ok,4008,2004-01-02,2021-01-14
600320,ok,5446,2004-01-02,2026-09-09
600325,ok,5391,2004-02-25,2026-09-09
600331,ok,5198,2004-01-02,2026-09-09
600332,ok,5277,2004-01-02,2026-09-09
600333,ok,5421,2004-01-02,2026-09-09
600339,ok,5297,2004-01-02,2026-09-09
600340,ok,5304,2004-01-02,2026-09-09
600346,ok,5158,2004-01-02,2026-09-09
600348,ok,5461,2004-01-02,2026-09-09
600350,ok,5423,2004-01-02,2026-09-09
600352,ok,5429,2004-01-02,2026-09-09
600357,ok,1319,2004-01-02,2009-12-15
600361,ok,5426,2004-01-02,2026-09-09
600362,ok,5435,2004-01-02,2026-09-09
600369,ok,5035,2004-01-02,2026-09-09
600372,ok,5014,2004-01-02,2026-09-09
600373,ok,5262,2004-01-02,2026-09-09
600376,ok,5376,2004-01-02,2026-09-09
600377,ok,5441,2004-01-02,2026-09-09
600380,ok,5371,2004-01-02,2026-09-09
600383,ok,5381,2004-01-02,2026-09-09
600390,ok,5322,2004-01-02,2026-09-09
600395,ok,5379,2004-01-02,2026-09-09
600398,ok,5393,2004-01-02,2026-09-09
600399,ok,5207,2004-01-02,2026-09-09
600403,ok,5336,2004-01-02,2026-09-09
600406,ok,5302,2004-01-02,2026-09-09
600408,ok,5209,2004-01-02,2026-09-09
600410,ok,5288,2004-04-27,2026-09-09
600415,ok,5383,2004-01-02,2026-09-09
600418,ok,5342,2004-01-02,2026-09-09
600426,ok,5458,2004-01-02,2026-09-09
600428,ok,5350,2004-01-02,2026-09-09
600432,ok,3065,2004-01-02,2018-07-11
600436,ok,5452,2004-01-02,2026-09-09
600438,ok,5264,2004-03-02,2026-09-09
600446,ok,5319,2004-01-02,2026-09-09
600456,ok,5464,2004-01-02,2026-09-09
600460,ok,5381,2004-01-02,2026-09-09
600472,ok,598,2005-05-09,2007-12-20
600481,ok,5324,2004-01-02,2026-09-09
600482,ok,5181,2004-07-14,2026-09-09
600485,ok,3156,2004-01-02,2020-04-20
600487,ok,5330,2004-01-02,2026-09-09
600489,ok,5426,2004-01-02,2026-09-09
600497,ok,5151,2004-04-20,2026-09-09
600498,ok,5419,2004-01-02,2026-09-09
600500,ok,5425,2004-01-02,2026-09-09
600501,ok,5448,2004-01-02,2026-09-09
600508,ok,5470,2004-01-02,2026-09-09
600515,ok,5002,2004-01-02,2026-09-09
600516,ok,5358,2004-01-02,2026-09-09
600517,ok,5324,2004-01-02,2026-09-09
600518,ok,5400,2004-01-02,2026-09-09
600519,ok,5442,2004-01-02,2026-09-09
600521,ok,5447,2004-01-02,2026-09-09
600522,ok,5381,2004-01-02,2026-09-09
600528,ok,5388,2004-01-02,2026-09-09
600535,ok,5445,2004-01-02,2026-09-09
600546,ok,5370,2004-01-02,2026-09-09
600547,ok,5271,2004-01-02,2026-09-09
600548,ok,5455,2004-01-02,2026-09-09
600549,ok,5449,2004-01-02,2026-09-09
600550,ok,5350,2004-01-02,2026-09-09
600566,ok,5341,2004-01-02,2026-09-09
600569,ok,5372,2004-01-02,2026-09-09
600570,ok,5406,2004-01-02,2026-09-09
600578,ok,5316,2004-01-02,2026-09-09
600581,ok,5292,2004-01-02,2026-09-09
600582,ok,5403,2004-01-02,2026-09-09
600583,ok,5459,2004-01-02,2026-09-09
600584,ok,5200,2004-01-02,2026-09-09
600585,ok,5457,2004-01-02,2026-09-09
600588,ok,5453,2004-01-02,2026-09-09
600591,ok,1371,2004-01-02,2010-01-11
600595,ok,5355,2004-01-02,2026-09-09
600596,ok,5436,2004-01-02,2026-09-09
600597,ok,5355,2004-01-02,2026-09-09
600598,ok,5410,2004-01-02,2026-09-09
600600,ok,5424,2004-01-02,2026-09-09
600601,ok,5458,2004-01-02,2026-09-09
600602,ok,5182,2004-01-02,2026-09-09
600606,ok,5118,2004-01-02,2026-09-09
600608,ok,5177,2004-01-02,2026-06-29
600611,ok,5458,2004-01-02,2026-09-09
600616,ok,5433,2004-01-02,2026-09-09
600621,ok,5395,2004-01-02,2026-09-09
600627,ok,1107,2004-01-02,2008-11-12
600628,ok,5427,2004-01-02,2026-09-09
600630,ok,5469,2004-01-02,2026-09-09
600631,ok,1551,2004-01-02,2011-08-04
600633,ok,4936,2004-01-02,2026-09-09
600635,ok,5417,2004-01-02,2026-09-09
600637,ok,5113,2004-01-02,2026-09-09
600638,ok,5452,2004-01-02,2026-09-09
600639,ok,5410,2004-01-02,2026-09-09
600641,ok,5211,2004-01-02,2026-09-09
600642,ok,5461,2004-01-02,2026-09-09
600643,ok,5165,2004-01-02,2026-09-09
600648,ok,5327,2004-01-02,2026-09-09
600649,ok,5053,2004-01-02,2026-09-09
600652,ok,4264,2004-01-02,2022-06-15
600653,ok,5228,2004-01-02,2026-09-09
600654,ok,4949,2004-01-02,2026-09-09
600655,ok,5092,2004-01-02,2026-09-09
600657,ok,5138,2004-01-02,2026-09-09
600660,ok,5459,2004-01-02,2026-09-09
600662,ok,5379,2004-01-02,2026-09-09
600663,ok,5339,2004-01-02,2026-09-09
600664,ok,5237,2004-01-02,2026-09-09
600666,ok,5016,2004-01-02,2026-09-09
600674,ok,5342,2004-01-02,2026-09-09
600675,ok,5191,2004-01-02,2026-09-09
600682,ok,5020,2004-01-02,2026-09-09
600685,ok,5161,2004-01-02,2026-09-09
600688,ok,5404,2004-01-02,2026-09-09
600690,ok,5355,2004-01-02,2026-09-09
600694,ok,5389,2004-01-02,2026-09-09
600703,ok,5144,2004-01-02,2026-09-09
600704,ok,5258,2004-01-02,2026-09-09
600705,ok,3737,2004-01-02,2025-04-02
600707,ok,5340,2004-01-02,2026-09-09
600710,ok,5006,2004-01-02,2026-09-09
600717,ok,5438,2004-01-02,2026-09-09
600718,ok,5435,2004-01-02,2026-09-09
600724,ok,5343,2004-01-02,2026-09-09
600726,ok,5414,2004-01-02,2026-09-09
600732,ok,4968,2004-01-02,2026-09-09
600733,ok,4933,2004-01-02,2026-09-09
600737,ok,5403,2004-01-02,2026-09-09
600739,ok,5298,2004-01-02,2026-09-09
600740,ok,5304,2004-01-02,2026-09-09
600741,ok,5381,2004-01-02,2026-09-09
600744,ok,5347,2004-01-02,2026-09-09
600745,ok,4665,2004-01-02,2026-09-09
600747,ok,3545,2004-01-02,2019-12-06
600748,ok,5390,2004-01-02,2026-09-09
600754,ok,5308,2004-01-02,2026-09-09
600757,ok,5097,2004-01-02,2026-09-09
600760,ok,5289,2004-01-02,2026-09-09
600761,ok,5472,2004-01-02,2026-09-09
600763,ok,5279,2004-01-29,2026-09-09
600770,ok,5383,2004-01-02,2026-09-09
600779,ok,5450,2004-01-02,2026-09-09
600780,ok,5098,2004-01-02,2026-09-09
600782,ok,5341,2004-01-02,2026-09-09
600783,ok,5305,2004-01-02,2026-09-09
600786,ok,903,2004-01-02,2008-01-25
600787,ok,5426,2004-01-02,2026-09-09
600790,ok,5291,2004-01-02,2026-09-09
600795,ok,5350,2004-01-02,2026-09-09
600797,ok,5321,2004-01-02,2026-09-09
600803,ok,5237,2004-01-02,2026-09-09
600804,ok,5055,2004-01-02,2025-06-30
600805,ok,5422,2004-01-02,2026-09-09
600808,ok,5451,2004-01-02,2026-09-09
600809,ok,5461,2004-01-02,2026-09-09
600811,ok,4963,2004-01-02,2025-04-14
600812,ok,5432,2004-01-02,2026-09-09
600816,ok,4934,2004-01-02,2026-09-09
600820,ok,5387,2004-01-02,2026-09-09
600823,ok,4846,2004-01-02,2024-05-15
600827,ok,5349,2004-01-02,2026-09-09
600832,ok,2574,2004-01-02,2015-04-29
600834,ok,5392,2004-01-02,2026-09-09
600835,ok,5454,2004-01-02,2026-09-09
600837,ok,4990,2004-01-02,2025-02-05
600838,ok,5478,2004-01-02,2026-09-09
600839,ok,5406,2004-01-02,2026-09-09
600845,ok,5398,2004-01-02,2026-09-09
600848,ok,5061,2004-01-02,2026-09-09
600849,ok,1343,2004-01-02,2010-02-03
600851,ok,5437,2004-01-02,2026-09-09
600854,ok,5082,2004-01-02,2026-09-09
600859,ok,5250,2004-01-02,2026-09-09
600863,ok,5403,2004-01-02,2026-09-09
600866,ok,5216,2004-01-02,2026-09-09
600867,ok,5416,2004-01-02,2026-09-09
600868,ok,5372,2004-01-02,2026-09-09
600871,ok,5287,2004-01-02,2026-09-09
600872,ok,5379,2004-01-02,2026-09-09
600873,ok,5134,2004-01-02,2026-09-09
600874,ok,5441,2004-01-02,2026-09-09
600875,ok,5349,2004-01-02,2026-09-09
600879,ok,5363,2004-01-02,2026-09-09
600880,ok,5205,2004-01-02,2026-09-09
600881,ok,5412,2004-01-02,2026-09-09
600884,ok,5426,2004-01-02,2026-09-09
600886,ok,5317,2004-01-02,2026-09-09
600887,ok,5414,2004-01-02,2026-09-09
600893,ok,4876,2004-01-02,2026-09-09
600894,ok,5388,2004-01-02,2026-09-09
600895,ok,5462,2004-01-02,2026-09-09
600900,ok,5086,2004-01-02,2026-09-09
600905,ok,1275,2021-06-10,2026-09-09
600909,ok,2366,2016-12-06,2026-09-09
600918,ok,1523,2020-06-03,2026-09-09
600919,ok,2449,2016-08-02,2026-09-09
600926,ok,2400,2016-10-27,2026-09-09
600928,ok,1829,2019-03-01,2026-09-09
600930,ok,282,2025-07-16,2026-09-09
600938,ok,1066,2022-04-21,2026-09-09
600941,ok,1135,2022-01-05,2026-09-09
600958,ok,2769,2015-03-23,2026-09-09
600959,ok,2664,2015-04-28,2026-09-09
600961,ok,5265,2004-08-30,2026-09-09
600968,ok,1751,2019-06-26,2026-09-09
600970,ok,5069,2005-04-12,2026-09-09
600971,ok,5292,2004-08-17,2026-09-09
600977,ok,2450,2016-08-09,2026-09-09
600978,ok,3708,2004-08-24,2021-02-22
600989,ok,1779,2019-05-16,2026-09-09
600997,ok,5301,2004-06-02,2026-09-09
600998,ok,3832,2010-11-02,2026-09-09
600999,ok,4066,2009-11-17,2026-09-09
601001,ok,4729,2006-06-23,2026-09-09
601002,ok,4740,2007-01-26,2026-09-09
601003,ok,4560,2007-02-27,2026-09-09
601005,ok,4297,2007-02-28,2026-09-09
601006,ok,4866,2006-08-01,2026-09-09
601009,ok,4633,2007-07-19,2026-09-09
601012,ok,3464,2012-04-11,2026-09-09
601016,ok,2889,2014-09-29,2026-09-09
601018,ok,3736,2010-09-28,2026-09-09
601021,ok,2805,2015-01-21,2026-09-09
601058,ok,3656,2011-06-30,2026-09-09
601059,ok,858,2023-02-01,2026-09-09
601066,ok,1998,2018-06-20,2026-09-09
601077,ok,1668,2019-10-29,2026-09-09
601088,ok,4523,2007-10-09,2026-09-09
601098,ok,3852,2010-10-28,2026-09-09
601099,ok,4515,2007-12-28,2026-09-09
601100,ok,3572,2011-10-28,2026-09-09
601101,ok,3884,2010-03-31,2026-09-09
601106,ok,4014,2010-02-09,2026-09-09
601107,ok,4133,2009-07-27,2026-09-09
601108,ok,2152,2017-10-24,2026-09-09
601111,ok,4807,2006-08-18,2026-09-09
601117,ok,4043,2010-01-07,2026-09-09
601118,ok,3676,2011-01-07,2026-09-09
601127,ok,2464,2016-06-15,2026-09-09
601136,ok,901,2022-12-22,2026-09-09
601138,ok,2005,2018-06-08,2026-09-09
601139,ok,4041,2009-12-25,2026-09-09
601155,ok,2606,2015-12-04,2026-09-09
601158,ok,3982,2010-03-29,2026-09-09
601162,ok,1911,2018-10-19,2026-09-09
601163,ok,2427,2016-09-09,2026-09-09
601166,ok,4738,2007-02-05,2026-09-09
601168,ok,4444,2007-07-12,2026-09-09
601169,ok,4555,2007-09-19,2026-09-09
601179,ok,4022,2010-01-28,2026-09-09
601186,ok,4479,2008-03-10,2026-09-09
601198,ok,2780,2015-02-26,2026-09-09
601211,ok,2706,2015-06-26,2026-09-09
601212,ok,2284,2017-02-15,2026-09-09
601216,ok,3654,2011-02-22,2026-09-09
601225,ok,3068,2014-01-28,2026-09-09
601228,ok,2297,2017-03-29,2026-09-09
601229,ok,2386,2016-11-16,2026-09-09
601231,ok,3521,2012-02-20,2026-09-09
601233,ok,3710,2011-05-18,2026-09-09
601236,ok,1738,2019-07-05,2026-09-09
601238,ok,3499,2012-03-29,2026-09-09
601258,ok,2902,2011-04-28,2023-05-24
601268,ok,1002,2010-02-02,2014-04-28
601288,ok,3921,2010-07-15,2026-09-09
601298,ok,1847,2019-01-21,2026-09-09
601299,ok,1226,2009-12-29,2015-05-06
601318,ok,4683,2007-03-01,2026-09-09
601319,ok,1897,2018-11-16,2026-09-09
601328,ok,4685,2007-05-15,2026-09-09
601333,ok,4781,2006-12-22,2026-09-09
601336,ok,3551,2011-12-16,2026-09-09
601360,ok,3431,2012-01-16,2026-09-09
601369,ok,3923,2010-04-28,2026-09-09
601375,ok,2353,2017-01-03,2026-09-09
601377,ok,3842,2010-10-13,2026-09-09
601390,ok,4467,2007-12-03,2026-09-09
601398,ok,4809,2006-10-27,2026-09-09
601456,ok,1463,2020-07-31,2026-09-09
601519,ok,3635,2011-01-28,2026-09-09
601555,ok,3552,2011-12-12,2026-09-09
601558,ok,2246,2011-01-13,2020-06-23
601566,ok,3698,2011-05-30,2026-09-09
601577,ok,1929,2018-09-26,2026-09-09
601588,ok,4815,2006-10-16,2026-09-09
601600,ok,4563,2007-04-30,2026-09-09
601601,ok,4539,2007-12-25,2026-09-09
601607,ok,4001,2010-03-09,2026-09-09
601608,ok,3296,2012-07-06,2026-09-09
601611,ok,2493,2016-06-06,2026-09-09
601615,ok,1843,2019-01-23,2026-09-09
601618,ok,4042,2009-09-21,2026-09-09
601628,ok,4772,2007-01-09,2026-09-09
601633,ok,3605,2011-09-28,2026-09-09
601658,ok,1638,2019-12-10,2026-09-09
601666,ok,4800,2006-11-23,2026-09-09
601668,ok,4152,2009-07-29,2026-09-09
601669,ok,3505,2011-10-18,2026-09-09
601688,ok,4008,2010-02-26,2026-09-09
601689,ok,2783,2015-03-19,2026-09-09
601696,ok,1589,2020-02-26,2026-09-09
601698,ok,1749,2019-06-28,2026-09-09
601699,ok,4818,2006-09-22,2026-09-09
601717,ok,3708,2010-08-03,2026-09-09
601718,ok,3890,2010-08-16,2026-09-09
601727,ok,4036,2008-12-05,2026-09-09
601728,ok,1225,2021-08-20,2026-09-09
601766,ok,4290,2008-08-18,2026-09-09
601788,ok,4123,2009-08-18,2026-09-09
601799,ok,3738,2011-02-01,2026-09-09
601800,ok,3524,2012-03-09,2026-09-09
601801,ok,4014,2010-01-18,2026-09-09
601808,ok,4593,2007-09-28,2026-09-09
601816,ok,1612,2020-01-16,2026-09-09
601818,ok,3882,2010-08-18,2026-09-09
601825,ok,1226,2021-08-19,2026-09-09
601828,ok,2092,2018-01-17,2026-09-09
601838,ok,2088,2018-01-31,2026-09-09
601857,ok,4574,2007-11-05,2026-09-09
601865,ok,1839,2019-02-15,2026-09-09
601866,ok,4437,2007-12-12,2026-09-09
601868,ok,1200,2021-09-28,2026-09-09
601872,ok,4678,2006-12-01,2026-09-09
601877,ok,3899,2010-01-21,2026-09-09
601878,ok,2239,2017-06-26,2026-09-09
601881,ok,2339,2017-01-23,2026-09-09
601888,ok,4043,2009-10-15,2026-09-09
601898,ok,4510,2008-02-01,2026-09-09
601899,ok,4423,2008-04-25,2026-09-09
601901,ok,3545,2011-08-10,2026-09-09
601916,ok,1642,2019-11-26,2026-09-09
601918,ok,4398,2007-12-19,2026-09-09
601919,ok,4484,2007-06-26,2026-09-09
601928,ok,3535,2011-11-30,2026-09-09
601929,ok,3526,2012-02-23,2026-09-09
601933,ok,3800,2010-12-15,2026-09-09
601939,ok,4592,2007-09-25,2026-09-09
601958,ok,4464,2008-04-17,2026-09-09
601966,ok,2455,2016-07-06,2026-09-09
601969,ok,2808,2014-12-09,2026-09-09
601985,ok,2736,2015-06-10,2026-09-09
601988,ok,4892,2006-07-05,2026-09-09
601989,ok,3502,2009-12-16,2025-08-12
601990,ok,2002,2018-06-13,2026-09-09
601991,ok,4753,2006-12-20,2026-09-09
601992,ok,3747,2011-03-01,2026-09-09
601995,ok,1403,2020-11-02,2026-09-09
601997,ok,2445,2016-08-16,2026-09-09
601998,ok,4687,2007-04-27,2026-09-09
603000,ok,3493,2012-04-27,2026-09-09
603019,ok,2854,2014-11-06,2026-09-09
603087,ok,1507,2020-06-29,2026-09-09
603156,ok,2080,2018-02-12,2026-09-09
603160,ok,2398,2016-10-17,2026-09-09
603185,ok,1867,2018-12-28,2026-09-09
603195,ok,1603,2020-02-06,2026-09-09
603233,ok,2214,2017-07-31,2026-09-09
603259,ok,2028,2018-05-08,2026-09-09
603260,ok,2154,2017-10-30,2026-09-09
603288,ok,3063,2014-02-11,2026-09-09
603290,ok,1605,2020-02-04,2026-09-09
603296,ok,750,2023-08-08,2026-09-09
603338,ok,2776,2015-03-25,2026-09-09
603369,ok,2962,2014-07-03,2026-09-09
603392,ok,1545,2020-04-29,2026-09-09
603486,ok,2014,2018-05-28,2026-09-09
603501,ok,2103,2017-05-04,2026-09-09
603517,ok,2304,2017-03-17,2026-09-09
603658,ok,2433,2016-09-01,2026-09-09
603659,ok,2094,2017-11-03,2026-09-09
603699,ok,3065,2014-01-17,2026-09-09
603799,ok,2789,2015-01-29,2026-09-09
603806,ok,2900,2014-09-05,2026-09-09
603833,ok,2292,2017-03-28,2026-09-09
603858,ok,2384,2016-11-18,2026-09-09
603882,ok,2185,2017-09-08,2026-09-09
603885,ok,2734,2015-05-27,2026-09-09
603893,ok,1602,2020-02-07,2026-09-09
603899,ok,2825,2015-01-27,2026-09-09
603939,ok,2694,2015-02-17,2026-09-09
603986,ok,2237,2016-08-18,2026-09-09
603993,ok,3362,2012-10-09,2026-09-09
605117,ok,1309,2021-04-20,2026-09-09
605499,ok,1285,2021-05-27,2026-09-09
688005,ok,1729,2019-07-22,2026-09-09
688008,ok,1733,2019-07-22,2026-09-09
688009,ok,1733,2019-07-22,2026-09-09
688012,ok,1724,2019-07-22,2026-09-09
688036,ok,1684,2019-09-30,2026-09-09
688041,ok,979,2022-08-12,2026-09-09
688047,ok,1024,2022-06-24,2026-09-09
688065,ok,1471,2020-08-12,2026-09-09
688072,ok,1057,2022-04-20,2026-09-09
688082,ok,1168,2021-11-18,2026-09-09
688111,ok,1654,2019-11-18,2026-09-09
688126,ok,1542,2020-04-20,2026-09-09
688169,ok,1592,2020-02-21,2026-09-09
688183,ok,1346,2021-02-25,2026-09-09
688187,ok,1213,2021-09-07,2026-09-09
688223,ok,1120,2022-01-26,2026-09-09
688256,ok,1492,2020-07-20,2026-09-09
688271,ok,983,2022-08-22,2026-09-09
688303,ok,1246,2021-07-22,2026-09-09
688363,ok,1662,2019-11-06,2026-09-09
688396,ok,1588,2020-02-27,2026-09-09
688472,ok,790,2023-06-09,2026-09-09
688506,ok,891,2023-01-06,2026-09-09
688521,ok,1461,2020-08-18,2026-09-09
688561,ok,1490,2020-07-22,2026-09-09
688599,ok,1518,2020-06-10,2026-09-09
688981,ok,1488,2020-07-16,2026-09-09
