reference_date,ticker,name,csi300_member,quarter_net_income,four_quarter_net_income,financial_eligible,momentum_return,volatility,RAM,z_score,momentum_score,rank,selected,csi300_weight,raw_weight,final_weight,fin_latest_period,fin_latest_available,fin_field,fin_reason,mom_start_date,mom_end_date,traded_days,momentum_eligible,mom_reason,eligible,fmc,weight_cap,buffer_retained
2009-08-31,600489,中金黄金,True,206438133.6,674052815.4,True,1.991116399,0.0448268402,44.41795116,3,4,1,True,0.002872427244,0.0322663215,0.03394770774,2009-06-30,2009-08-31,NETPROFIT,pass,2008-07-31,2009-07-31,240,True,ok,True,1.882959708e+10,0.05744854487,False
2009-08-31,600809,山西汾酒,True,94769709.85,534770462.8,True,1.519391635,0.03501197882,43.39633708,3,4,2,True,0.001813511604,0.02037139447,0.0214329404,2009-06-30,2009-08-31,NETPROFIT,pass,2008-07-31,2009-07-31,243,True,ok,True,1.188809669e+10,0.03627023209,False
2009-08-31,600383,金地集团,True,282387551.9,1203049648,True,1.740405466,0.04436754214,39.22699752,2.910215623,3.910215623,3,True,0.003956990336,0.04345163518,0.04571588403,2009-06-30,2009-08-31,NETPROFIT,pass,2008-07-31,2009-07-31,241,True,ok,True,2.5939224e+10,0.07913980673,False
2009-08-31,000009,深宝安Ａ,True,129315718.6,352131035.8,True,1.607723577,0.04320138632,37.2146293,2.711475441,3.711475441,4,True,0.001457619303,0.01519256595,0.01598424502,2009-06-30,2009-08-31,NETPROFIT,pass,2008-07-31,2009-07-31,243,True,ok,True,9555119017,0.02915238607,False
2009-08-31,600048,保利发展,True,1132279403,3097618246,True,1.276278389,0.03933602523,32.44553514,2.240482789,3.240482789,5,True,0.01008652015,0.09178918379,0.09,2009-06-30,2009-08-31,NETPROFIT,pass,2008-07-31,2009-07-31,243,True,ok,True,6.612007699e+10,0.09,False
2009-08-31,000778,新兴铸管,True,432274386.1,785665894,True,1.088820827,0.03554749473,30.63002991,2.061184668,3.061184668,6,True,0.001576975836,0.01355673155,0.01426316789,2009-06-30,2009-08-31,NETPROFIT,pass,2008-07-31,2009-07-31,242,True,ok,True,1.033753585e+10,0.03153951672,False
2009-08-31,601918,国投新集,True,231933047.4,1160644746,True,1.277227723,0.04193673658,30.45605898,2.044003411,3.044003411,7,True,0.002178574396,0.01862335656,0.01959381287,2009-06-30,2009-08-31,NETPROFIT,pass,2008-07-31,2009-07-31,192,True,ok,True,1.428118961e+10,0.04357148792,False
2009-08-31,000800,一汽轿车,True,267197317.8,1105080091,True,1.14844649,0.03842984587,29.88423358,1.987530305,2.987530305,8,True,0.003424217898,0.0287285787,0.03022561446,2009-06-30,2009-08-31,NETPROFIT,pass,2008-07-31,2009-07-31,242,True,ok,True,2.244674552e+10,0.06848435797,False
2009-08-31,000686,东北证券,True,263059137.8,543066293.1,True,1.386910449,0.04708654093,29.45449849,1.945089945,2.945089945,9,True,0.0009335917617,0.007721399124,0.008123758415,2009-06-30,2009-08-31,NETPROFIT,pass,2008-07-31,2009-07-31,241,True,ok,True,6119965876,0.01867183523,False
2009-08-31,600547,山东黄金,True,344863093.1,675334954.8,True,1.269426794,0.04328424109,29.32768975,1.932566397,2.932566397,10,True,0.002531121967,0.02084497387,0.02193119785,2009-06-30,2009-08-31,NETPROFIT,pass,2008-07-31,2009-07-31,240,True,ok,True,1.65922416e+10,0.05062243934,False
2009-08-31,600675,中华企业,True,127174137.1,523713541.7,True,1.245982695,0.04249301001,29.32206249,1.932010652,2.932010652,11,True,0.001521757447,0.01253000971,0.01318294394,2009-06-30,2009-08-31,NETPROFIT,pass,2008-07-31,2009-07-31,242,True,ok,True,9975563225,0.03043514893,False
2009-08-31,000069,华侨城Ａ,True,466771006.6,1889896518,True,1.140058766,0.03902587932,29.21289119,1.921228965,2.921228965,12,True,0.003354977353,0.02752299044,0.02895720343,2009-06-30,2009-08-31,NETPROFIT,pass,2008-07-31,2009-07-31,227,True,ok,True,2.199285358e+10,0.06709954706,False
2009-08-31,600395,盘江股份,True,221949498.2,775729516.7,True,1.224329627,0.04396094945,27.85039091,1.78666932,2.78666932,13,True,0.000928288097,0.007264548811,0.007643101799,2009-06-30,2009-08-31,NETPROFIT,pass,2008-07-31,2009-07-31,238,True,ok,True,6085198810,0.01856576194,False
2009-08-31,000625,长安汽车,True,496268264.5,97489625.08,True,1.139094093,0.0411463506,27.68396411,1.770233116,2.770233116,14,True,0.001269287007,0.009874533312,0.01038909164,2009-06-30,2009-08-31,NETPROFIT,pass,2008-07-31,2009-07-31,155,True,ok,True,8320545968,0.02538574013,False
2009-08-31,600518,康美药业,True,110829647.2,387077347,True,0.8665207877,0.03244093689,26.71072018,1.674116176,2.674116176,15,True,0.00215308551,0.01616895594,0.01701151433,2009-06-30,2009-08-31,NETPROFIT,pass,2008-07-31,2009-07-31,242,True,ok,True,1.411410253e+10,0.0430617102,False
2009-08-31,000031,深宝恒Ａ,True,10435496.19,39221995.93,True,1.124251497,0.04257006246,26.40943969,1.64436191,2.64436191,16,True,0.002733588071,0.02029992305,0.02135774463,2009-06-30,2009-08-31,NETPROFIT,pass,2008-07-31,2009-07-31,242,True,ok,True,1.791946588e+10,0.05467176142,False
2009-08-31,600170,上海建工,True,300556124.6,475531357.6,True,0.9483731292,0.03617707172,26.21475659,1.625135133,2.625135133,17,True,0.0006763844022,0.004986383496,0.005246222121,2009-06-30,2009-08-31,NETPROFIT,pass,2008-07-31,2009-07-31,221,True,ok,True,4433896732,0.01352768804,False
2009-08-31,600348,国阳新能,True,693361628.7,1389840252,True,1.233163265,0.04792245826,25.73247096,1.577504916,2.577504916,18,True,0.005054127864,0.03658357604,0.03848993284,2009-06-30,2009-08-31,NETPROFIT,pass,2008-07-31,2009-07-31,240,True,ok,True,3.313128e+10,0.09,False
2009-08-31,000630,铜陵有色,True,176856624.2,306368023,True,1.073129252,0.04185085779,25.64175045,1.568545418,2.568545418,19,True,0.001381229384,0.009963076993,0.0104822493,2009-06-30,2009-08-31,NETPROFIT,pass,2008-07-31,2009-07-31,238,True,ok,True,9054360848,0.02762458767,False
2009-08-31,600208,中宝股份,True,205706416.9,1245320638,True,1.091757387,0.04373320652,24.96403703,1.501614879,2.501614879,20,True,0.001038468373,0.007295484749,0.007675649797,2009-06-30,2009-08-31,NETPROFIT,pass,2008-07-31,2009-07-31,190,True,ok,True,6807462603,0.02076936745,False
2009-08-31,600089,特变电工,True,497896095.3,1357478320,True,0.6703576039,0.02774594347,24.16056259,1.422264264,2.422264264,21,True,0.005157457728,0.03508307301,0.03691123915,2009-06-30,2009-08-31,NETPROFIT,pass,2008-07-31,2009-07-31,238,True,ok,True,3.380863735e+10,0.09,False
2009-08-31,600362,江西铜业,True,1039087352,308748668,True,1.102407002,0.04582831788,24.05514872,1.411853658,2.411853658,22,True,0.001792982169,0.0121441564,0.01277698396,2009-06-30,2009-08-31,NETPROFIT,pass,2008-07-31,2009-07-31,241,True,ok,True,1.175352027e+10,0.03585964339,False
2009-08-31,601009,南京银行,True,387971768.5,1468526241,True,0.7967479675,0.03389376597,23.50721275,1.357739856,2.357739856,23,True,0.002531334857,0.01676045918,0.01763384059,2009-06-30,2009-08-31,NETPROFIT,pass,2008-07-31,2009-07-31,243,True,ok,True,1.659363716e+10,0.05062669714,False
2009-08-31,600528,中铁二局,True,127852585.2,601050948.1,True,0.9767759563,0.04189704071,23.31372192,1.338630827,2.338630827,24,True,0.002179222788,0.01431211212,0.01505791106,2009-06-30,2009-08-31,NETPROFIT,pass,2008-07-31,2009-07-31,240,True,ok,True,1.428544e+10,0.04358445575,False
2009-08-31,601001,大同煤业,True,474014278.3,2051391247,True,1.071518721,0.04654653031,23.02037797,1.309660369,2.309660369,25,True,0.003963850215,0.02571021957,0.02704996974,2009-06-30,2009-08-31,NETPROFIT,pass,2008-07-31,2009-07-31,237,True,ok,True,2.59841925e+10,0.07927700429,False
2009-08-31,002155,辰州矿业,True,40948334.54,18590958.97,True,1.006933744,0.04396385928,22.90367044,1.298134409,2.298134409,26,True,0.000906125309,0.005847956242,0.006152691108,2009-06-30,2009-08-31,NETPROFIT,pass,2008-07-31,2009-07-31,243,True,ok,True,5939915280,0.01812250618,False
2009-08-31,600820,隧道股份,True,103287396.4,290912827.4,True,0.7128603104,0.03118779306,22.85702964,1.293528193,2.293528193,27,True,0.001342771186,0.008648614205,0.009099290336,2009-06-30,2009-08-31,NETPROFIT,pass,2008-07-31,2009-07-31,242,True,ok,True,8802256164,0.02685542372,False
2009-08-31,000402,金融街,True,604898109.6,1670739627,True,0.7784431138,0.03433492687,22.67204811,1.275259537,2.275259537,28,True,0.003883253166,0.02481230303,0.02610526309,2009-06-30,2009-08-31,NETPROFIT,pass,2008-07-31,2009-07-31,241,True,ok,True,2.545585537e+10,0.07766506332,False
2009-08-31,600415,小商品城,True,182727811.4,708335329,True,0.5728347177,0.02568661074,22.30090701,1.238605883,2.238605883,29,True,0.001663821237,0.01045983256,0.01100489062,2009-06-30,2009-08-31,NETPROFIT,pass,2008-07-31,2009-07-31,238,True,ok,True,1.090683275e+10,0.03327642475,False
2009-08-31,600316,洪都航空,True,36080695.5,77265535.36,True,0.848880597,0.03842676693,22.09086699,1.217862466,2.217862466,30,True,0.0008327469301,0.005186663584,0.005456938731,2009-06-30,2009-08-31,NETPROFIT,pass,2008-07-31,2009-07-31,237,True,ok,True,5458898637,0.0166549386,False
2009-08-31,600549,厦门钨业,True,18078400.85,250026654.2,True,0.9031657356,0.04204600185,21.48041896,1.157575014,2.157575014,31,True,0.001576770701,0.009553772022,0.0100516156,2009-06-30,2009-08-31,NETPROFIT,pass,2008-07-31,2009-07-31,240,True,ok,True,1.033619112e+10,0.03153541401,False
2009-08-31,000927,一汽夏利,True,132776536.7,52686436.97,True,0.8659574468,0.04117131008,21.03303114,1.113391282,2.113391282,32,True,0.001608483849,0.009546343211,0.01004379967,2009-06-30,2009-08-31,NETPROFIT,pass,2008-07-31,2009-07-31,242,True,ok,True,1.054408005e+10,0.03216967697,False
2009-08-31,000685,中山公用,True,203930884.2,642095234.7,True,0.8212815991,0.03947004324,20.80771977,1.091139677,2.091139677,33,True,0.000530175658,0.003113459743,0.003275700994,2009-06-30,2009-08-31,NETPROFIT,pass,2008-07-31,2009-07-31,242,True,ok,True,3475455834,0.01060351316,False
2009-08-31,000623,吉林敖东,True,334751399.8,1027602228,True,0.8129952456,0.03949799956,20.58320053,1.068966303,2.068966303,34,True,0.002526768824,0.01468112564,0.01544615374,2009-06-30,2009-08-31,NETPROFIT,pass,2008-07-31,2009-07-31,243,True,ok,True,1.656370548e+10,0.05053537648,False
2009-08-31,000027,深能源Ａ,True,951494926.4,1735211894,True,0.6280701754,0.03094008808,20.29956004,1.040954151,2.040954151,35,True,0.00102465827,0.005872901628,0.006178936389,2009-06-30,2009-08-31,NETPROFIT,pass,2008-07-31,2009-07-31,240,True,ok,True,6716933358,0.0204931654,False
2009-08-31,000157,中联重科,True,797562819.6,1786398418,True,0.8044159667,0.04055715851,19.8341303,0.994988612,1.994988612,36,True,0.002693419156,0.01508984552,0.01587617186,2009-06-30,2009-08-31,NETPROFIT,pass,2008-07-31,2009-07-31,242,True,ok,True,1.765614694e+10,0.05386838312,False
2009-08-31,000983,西山煤电,True,561796307.3,3086995474,True,0.9215,0.04657343196,19.78595867,0.9902312129,1.990231213,37,True,0.004942429114,0.02762386294,0.02906333236,2009-06-30,2009-08-31,NETPROFIT,pass,2008-07-31,2009-07-31,240,True,ok,True,3.239906217e+10,0.09,True
2009-08-31,600497,驰宏锌锗,True,68792622.81,12259734.26,True,0.8452970297,0.04297378625,19.67006176,0.9787853092,1.978785309,38,True,0.001825411153,0.01014377962,0.01067236827,2009-06-30,2009-08-31,NETPROFIT,pass,2008-07-31,2009-07-31,242,True,ok,True,1.19661017e+10,0.03650822305,False
2009-08-31,600266,北京城建,True,46946527.93,326721356.9,True,0.8080357143,0.04118376879,19.62024695,0.9738656309,1.973865631,39,True,0.001715804779,0.009510993536,0.01000660794,2009-06-30,2009-08-31,NETPROFIT,pass,2008-07-31,2009-07-31,240,True,ok,True,1.12476e+10,0.03431609558,False
2009-08-31,000425,徐工机械,True,582945062.5,2346957829,True,0.7289356984,0.03742252869,19.47852601,0.9598693623,1.959869362,40,True,0.001429798257,0.007869412584,0.008279484803,2009-06-30,2009-08-31,NETPROFIT,pass,2008-07-31,2009-07-31,238,True,ok,True,9372743959,0.02859596515,True
2009-08-31,601166,兴业银行,True,3282036502,1.106424999e+10,True,0.7119521912,0.0370618724,19.20982792,0.9333329128,1.933332913,41,True,0.01692715035,0.09190326152,0.09,2009-06-30,2009-08-31,NETPROFIT,pass,2008-07-31,2009-07-31,243,True,ok,True,1.109624e+11,0.09,False
2009-08-31,000651,格力电器,True,686185469.7,2265110030,True,0.6187653838,0.03226816255,19.17572415,0.9299648461,1.929964846,42,True,0.005416434236,0.02935643411,0.03088618718,2009-06-30,2009-08-31,NETPROFIT,pass,2008-07-31,2009-07-31,241,True,ok,True,3.550630378e+10,0.09,False
2009-08-31,600376,首开股份,True,231311831.5,688345175.2,True,0.9065071055,0.04803338805,18.87243733,0.9000124361,1.900012436,43,True,0.0004848005545,0.00258678289,0.002721579202,2009-06-30,2009-08-31,NETPROFIT,pass,2008-07-31,2009-07-31,240,True,ok,True,3178008817,0.00969601109,False
2009-08-31,600030,中信证券,True,2616655204,7216440786,True,0.6827433628,0.03875967342,17.61478626,0.7758076312,1.775807631,48,True,0.0245567208,0.1224635145,0.09,2009-06-30,2009-08-31,NETPROFIT,pass,2008-07-31,2009-07-31,241,True,ok,True,1.609764562e+11,0.09,True
2009-08-31,600895,张江高科,True,252788046.6,726422195.8,True,0.5548548424,0.03159306734,17.56255056,0.7706488669,1.770648867,50,True,0.00284209117,0.01413223594,0.0148686616,2009-06-30,2009-08-31,NETPROFIT,pass,2008-07-31,2009-07-31,236,True,ok,True,1.863073529e+10,0.0568418234,True
2009-08-31,600663,陆家嘴,True,1722204218,1930902906,True,0.6532444408,0.03790522028,17.23362735,0.7381646236,1.738164624,55,True,0.004619973727,0.02255126148,0.02372639949,2009-06-30,2009-08-31,NETPROFIT,pass,2008-07-31,2009-07-31,243,True,ok,True,3.02852732e+10,0.09,True
2009-08-31,600418,G江汽,True,187553563.2,8212504.31,True,0.6676650043,0.036365946,18.35962151,0.849367078,1.849367078,44,False,0.0008895636489,,0,2009-06-30,2009-08-31,NETPROFIT,pass,2008-07-31,2009-07-31,239,True,ok,True,5831348775,,False
2009-08-31,600256,广汇股份,True,125156797.4,490558449.7,True,0.7534474367,0.04104144509,18.35820924,0.8492276037,1.849227604,45,False,0.001390767966,,0,2009-06-30,2009-08-31,NETPROFIT,pass,2008-07-31,2009-07-31,235,True,ok,True,9116889033,,False
2009-08-31,000709,唐钢股份,True,10748913.4,820288430.2,True,0.7196110211,0.04042431653,17.8014394,0.7942413745,1.794241375,46,False,0.001757715923,,0,2009-06-30,2009-08-31,NETPROFIT,pass,2008-07-31,2009-07-31,158,True,ok,True,1.152233975e+10,,False
2009-08-31,600739,辽宁成大,True,327066506.3,1036651139,True,0.7759493671,0.04378313503,17.72256296,0.7864515882,1.786451588,47,False,0.003615504494,,0,2009-06-30,2009-08-31,NETPROFIT,pass,2008-07-31,2009-07-31,242,True,ok,True,2.370068486e+10,,False
2009-08-31,600000,浦发银行,True,3820906411,1.292241603e+10,True,0.6746164947,0.03838535987,17.57483835,0.771862401,1.771862401,49,False,0.02157002803,,0,2009-06-30,2009-08-31,NETPROFIT,pass,2008-07-31,2009-07-31,242,True,ok,True,1.413978153e+11,,False
2009-08-31,000718,苏宁环球,True,187204241.6,327640242.2,True,0.7729663054,0.04405872791,17.54399961,0.7688167875,1.768816788,51,False,0.001440971865,,0,2009-06-30,2009-08-31,NETPROFIT,pass,2008-07-31,2009-07-31,239,True,ok,True,9445990212,,False
2009-08-31,002128,露天煤业,True,203359900.5,797307363.9,True,0.8114393931,0.04639454348,17.48997473,0.7634813253,1.763481325,52,False,0.0006618279655,,0,2009-06-30,2009-08-31,NETPROFIT,pass,2008-07-31,2009-07-31,241,True,ok,True,4338475050,,False
2009-08-31,601666,平煤天安,True,615309290.3,2718740400,True,0.7780345897,0.04511444119,17.24579911,0.7393666992,1.739366699,53,False,0.002205690657,,0,2009-06-30,2009-08-31,NETPROFIT,pass,2008-07-31,2009-07-31,241,True,ok,True,1.445894459e+10,,False
2009-08-31,600642,申能股份,True,676789387.8,1606401756,True,0.5200445434,0.03017603096,17.23369598,0.7381714015,1.738171402,54,False,0.004659351594,,0,2009-06-30,2009-08-31,NETPROFIT,pass,2008-07-31,2009-07-31,241,True,ok,True,3.054340658e+10,,False
2009-08-31,600307,酒钢宏兴,True,82323750.71,16412645.84,True,0.7611630322,0.04425710798,17.1986618,0.7347114485,1.734711448,56,False,0.001451270994,,0,2009-06-30,2009-08-31,NETPROFIT,pass,2008-07-31,2009-07-31,221,True,ok,True,9513504000,,False
2009-08-31,601699,潞安环能,True,752377919.8,2436520748,True,0.8414975507,0.04906821319,17.14954542,0.7298607467,1.729860747,57,False,0.002140271047,,0,2009-06-30,2009-08-31,NETPROFIT,pass,2008-07-31,2009-07-31,241,True,ok,True,1.40301e+10,,False
2009-08-31,000021,深科技Ａ,True,60767140.18,258233588.9,True,0.6693333333,0.03920503189,17.07263841,0.7222654603,1.72226546,58,False,0.001400598762,,0,2009-06-30,2009-08-31,NETPROFIT,pass,2008-07-31,2009-07-31,241,True,ok,True,9181332767,,False
2009-08-31,000001,平安银行,True,1189311000,781589000,True,0.6370460878,0.03807204676,16.73264618,0.6886880482,1.688688048,59,False,0.008113008997,,0,2009-06-30,2009-08-31,NETPROFIT,pass,2008-07-31,2009-07-31,233,True,ok,True,5.318313663e+10,,False
2009-08-31,600132,重庆啤酒,True,57678473.82,170836292.1,True,0.6243131868,0.03744712062,16.67186092,0.682684935,1.682684935,60,False,0.000817658463,,0,2009-06-30,2009-08-31,NETPROFIT,pass,2008-07-31,2009-07-31,242,True,ok,True,5359989342,,False
2009-08-31,000562,宏源证券,True,206320507.4,711896538.8,True,0.7299741602,0.04420640204,16.51286073,0.666982179,1.666982179,61,False,0.003956455663,,0,2009-06-30,2009-08-31,NETPROFIT,pass,2008-07-31,2009-07-31,242,True,ok,True,2.593571906e+10,,False
2009-08-31,600881,亚泰集团,True,314486452.5,522193129.1,True,0.6559064149,0.03981099291,16.47551008,0.6632934529,1.663293453,62,False,0.002066625839,,0,2009-06-30,2009-08-31,NETPROFIT,pass,2008-07-31,2009-07-31,239,True,ok,True,1.354733421e+10,,False
2009-08-31,600153,建发股份,True,333470123.9,1400203264,True,0.620830817,0.03790534827,16.37844909,0.6537077728,1.653707773,63,False,0.002395248435,,0,2009-06-30,2009-08-31,NETPROFIT,pass,2008-07-31,2009-07-31,242,True,ok,True,1.570155103e+10,,False
2009-08-31,000002,万科A,True,2211684703,5433426337,True,0.5717647059,0.03491791859,16.37453574,0.6533212923,1.653321292,64,False,0.01346785203,,0,2009-06-30,2009-08-31,NETPROFIT,pass,2008-07-31,2009-07-31,243,True,ok,True,8.828569215e+10,,False
2009-08-31,600748,上实发展,True,67263190.88,301416729,True,0.7242582897,0.04481902757,16.15961633,0.6320959906,1.632095991,65,False,0.001767053304,,0,2009-06-30,2009-08-31,NETPROFIT,pass,2008-07-31,2009-07-31,243,True,ok,True,1.1583549e+10,,False
2009-08-31,600325,华发股份,True,151334069.9,693403435.4,True,0.6365030675,0.04139707379,15.37555699,0.5546627983,1.554662798,66,False,0.001914456629,,0,2009-06-30,2009-08-31,NETPROFIT,pass,2008-07-31,2009-07-31,240,True,ok,True,1.254982072e+10,,False
2009-08-31,600031,三一重工,True,851535044.1,1773515377,True,0.5958772771,0.03967188089,15.02014182,0.5195622255,1.519562226,67,False,0.00647154773,,0,2009-06-30,2009-08-31,NETPROFIT,pass,2008-07-31,2009-07-31,236,True,ok,True,4.242288e+10,,False
2009-08-31,000338,潍柴动力,True,1013585324,1743916509,True,0.5575054926,0.03739927394,14.90685337,0.5083739316,1.508373932,68,False,0.001653577307,,0,2009-06-30,2009-08-31,NETPROFIT,pass,2008-07-31,2009-07-31,232,True,ok,True,1.08396808e+10,,False
2009-08-31,601169,北京银行,True,1420408000,5437119000,True,0.486011191,0.03277999969,14.82645502,0.5004338434,1.500433843,69,False,0.00845925248,,0,2009-06-30,2009-08-31,NETPROFIT,pass,2008-07-31,2009-07-31,243,True,ok,True,5.545286349e+10,,False
2009-08-31,002142,宁波银行,True,352221000,1308247539,True,0.4763819095,0.03266287109,14.58481431,0.4765695625,1.476569562,70,False,0.00174384541,,0,2009-06-30,2009-08-31,NETPROFIT,pass,2008-07-31,2009-07-31,242,True,ok,True,1.14314145e+10,,False
2009-08-31,600016,民生银行,True,4884000000,9226000000,True,0.4597315436,0.03198835558,14.37184048,0.4555364051,1.455536405,71,False,0.01742952651,,0,2009-06-30,2009-08-19,NETPROFIT,pass,2008-07-31,2009-07-31,239,True,ok,True,1.142556221e+11,,False
2009-08-31,600741,华域汽车,True,582462216,1208463378,True,0.5659432387,0.03954887553,14.30997041,0.4494261576,1.449426158,72,False,0.001837532513,,0,2009-06-30,2009-08-31,NETPROFIT,pass,2008-07-31,2009-07-31,240,True,ok,True,1.204556074e+10,,False
2009-08-31,600795,国电电力,True,1128919766,1226177128,True,0.347266881,0.02560516077,13.56237847,0.375594461,1.375594461,73,False,0.00527716197,,0,2009-06-30,2009-08-31,NETPROFIT,pass,2008-07-31,2009-07-31,242,True,ok,True,3.459333352e+10,,False
2009-08-31,600123,兰花科创,True,409271783.2,1288339916,True,0.5771820277,0.04299036933,13.42584483,0.3621104872,1.362110487,74,False,0.002892034445,,0,2009-06-30,2009-08-31,NETPROFIT,pass,2008-07-31,2009-07-31,242,True,ok,True,1.8958128e+10,,False
2009-08-31,600125,铁龙物流,True,110946008.4,349087703.5,True,0.404886562,0.03103308875,13.04693082,0.3246891849,1.324689185,75,False,0.0007398651618,,0,2009-06-30,2009-08-31,NETPROFIT,pass,2008-07-31,2009-07-31,242,True,ok,True,4850031597,,False
2009-08-31,600183,生益科技,True,94117512.84,41874574.48,True,0.4529220779,0.0348068542,13.01243931,0.3212828262,1.321282826,76,False,0.0011794099,,0,2009-06-30,2009-08-31,NETPROFIT,pass,2008-07-31,2009-07-31,242,True,ok,True,7731375356,,False
2009-08-31,000758,中色股份,True,41824293.38,7127692.52,True,0.5719253873,0.04419659723,12.94048463,0.3141766285,1.314176628,77,False,0.0009347712028,,0,2009-06-30,2009-08-31,NETPROFIT,pass,2008-07-31,2009-07-31,240,True,ok,True,6127697456,,False
2009-08-31,601958,金钼股份,True,117902896.1,1196793239,True,0.5191850594,0.04042569599,12.84294671,0.3045438467,1.304543847,78,False,0.001658492909,,0,2009-06-30,2009-08-31,NETPROFIT,pass,2008-07-31,2009-07-31,240,True,ok,True,1.0871904e+10,,False
2009-08-31,002028,思源电气,True,115083317.7,430678138.9,True,0.4010964614,0.0312341255,12.8416101,0.3044118436,1.304411844,79,False,0.0009053003742,,0,2009-06-30,2009-08-31,NETPROFIT,pass,2008-07-31,2009-07-31,243,True,ok,True,5934507592,,False
2009-08-31,600875,东方电气,True,365323000.6,351591586.4,True,0.4638168967,0.03618164059,12.81912288,0.3021910201,1.30219102,80,False,0.002849029023,,0,2009-06-30,2009-08-31,NETPROFIT,pass,2008-07-31,2009-07-31,237,True,ok,True,1.867621493e+10,,False
2009-08-31,600611,大众交通,True,152720614.4,372212889.9,True,0.5226179018,0.0409107111,12.77459833,0.2977938051,1.297793805,81,False,0.001156216195,,0,2009-06-30,2009-08-31,NETPROFIT,pass,2008-07-31,2009-07-31,243,True,ok,True,7579333868,,False
2009-08-31,000059,辽通化工,True,116941573.5,365793965.5,True,0.4452769059,0.03544111584,12.56385121,0.276980555,1.276980555,82,False,0.001442788656,,0,2009-06-30,2009-08-31,NETPROFIT,pass,2008-07-31,2009-07-31,239,True,ok,True,9457899802,,False
2009-08-31,600649,原水股份,True,168664717,1202784755,True,0.4349056604,0.03462242823,12.56138528,0.2767370219,1.276737022,83,False,0.001828937131,,0,2009-06-30,2009-08-31,NETPROFIT,pass,2008-07-31,2009-07-31,241,True,ok,True,1.198921551e+10,,False
2009-08-31,600210,紫江企业,True,215659196.5,354880887.6,True,0.4611973392,0.03672542065,12.55798657,0.2764013673,1.276401367,84,False,0.001277772646,,0,2009-06-30,2009-08-31,NETPROFIT,pass,2008-07-31,2009-07-31,242,True,ok,True,8376171801,,False
2009-08-31,600006,东风汽车,True,160639815.4,226929653.3,True,0.3784461153,0.03035692196,12.46655098,0.2673712479,1.267371248,85,False,0.0005331937032,,0,2009-06-30,2009-08-31,NETPROFIT,pass,2008-07-31,2009-07-31,242,True,ok,True,3495240000,,False
2009-08-31,000401,冀东水泥,True,361628588.8,673232823.4,True,0.5043394407,0.04050719899,12.45061257,0.2657971803,1.26579718,86,False,0.002330804616,,0,2009-06-30,2009-08-31,NETPROFIT,pass,2008-07-31,2009-07-31,234,True,ok,True,1.527910303e+10,,False
2009-08-31,600997,开滦股份,True,180993361.6,469824194.8,True,0.5941050046,0.04787789408,12.40875389,0.2616632449,1.261663245,87,False,0.001993822774,,0,2009-06-30,2009-08-31,NETPROFIT,pass,2008-07-31,2009-07-31,238,True,ok,True,1.307008892e+10,,False
2009-08-31,000783,长江证券,True,408833350.9,703572555.9,True,0.5643274854,0.04675587395,12.06965965,0.2281745174,1.228174517,88,False,0.002247062866,,0,2009-06-30,2009-08-31,NETPROFIT,pass,2008-07-31,2009-07-31,241,True,ok,True,1.473015147e+10,,False
2009-08-31,600660,福耀玻璃,True,117800865,27013637,True,0.4713286713,0.03931834669,11.98749976,0.2200604591,1.220060459,89,False,0.001476482117,,0,2009-06-30,2009-08-31,NETPROFIT,pass,2008-07-31,2009-07-31,242,True,ok,True,9678770253,,False
2009-08-31,601328,交通银行,True,7667000000,2.8562e+10,True,0.3857677903,0.03225700191,11.95919544,0.2172651433,1.217265143,90,False,0.01927649963,,0,2009-06-30,2009-08-31,NETPROFIT,pass,2008-07-31,2009-07-31,243,True,ok,True,1.263630687e+11,,False
2009-08-31,600118,中国卫星,True,49622282.32,188398341.5,True,0.4149995888,0.03490427077,11.88965074,0.2103969535,1.210396954,91,False,0.000526994823,,0,2009-06-30,2009-08-31,NETPROFIT,pass,2008-07-31,2009-07-31,243,True,ok,True,3454604535,,False
2009-08-31,601899,紫金矿业,True,1152129895,3738534567,True,0.477393617,0.04066117715,11.74077217,0.1956938023,1.195693802,92,False,0.007960131115,,0,2009-06-30,2009-08-31,NETPROFIT,pass,2008-07-31,2009-07-31,242,True,ok,True,5.218097758e+10,,False
2009-08-31,601333,广深铁路,True,315716355,1131665154,True,0.2958435208,0.02523986538,11.72127966,0.1937687349,1.193768735,93,False,0.001773221757,,0,2009-06-30,2009-08-31,NETPROFIT,pass,2008-07-31,2009-07-31,242,True,ok,True,1.162398501e+10,,False
2009-08-31,002242,九阳股份,True,221893293.1,736016517.5,True,0.3656344067,0.03173764089,11.52052882,0.173942712,1.173942712,94,False,0.0004769411299,,0,2009-06-30,2009-08-31,NETPROFIT,pass,2008-07-31,2009-07-31,242,True,ok,True,3126488000,,False
2009-08-31,601318,中国平安,True,5277000000,2037000000,True,0.4205259483,0.03744248248,11.23125179,0.1453738994,1.145373899,95,False,0.02593049311,,0,2009-06-30,2009-08-31,NETPROFIT,pass,2008-07-31,2009-07-31,238,True,ok,True,1.699819337e+11,,False
2009-08-31,600177,雅戈尔,True,595057424,1274417222,True,0.3816513761,0.03469109512,11.00142197,0.1226760556,1.122676056,96,False,0.00251642679,,0,2009-06-30,2009-08-31,NETPROFIT,pass,2008-07-31,2009-07-31,241,True,ok,True,1.649591043e+10,,False
2009-08-31,600219,南山铝业,True,140296420.2,427734537,True,0.440227704,0.04034917116,10.91045222,0.1136919414,1.113691941,97,False,0.0009408281087,,0,2009-06-30,2009-08-31,NETPROFIT,pass,2008-07-31,2009-07-31,239,True,ok,True,6167402238,,False
2009-08-31,600879,火箭股份,True,41416676.29,216245489.7,True,0.3962238979,0.03768015526,10.5154529,0.07468206459,1.074682065,98,False,0.001117261633,,0,2009-06-30,2009-08-31,NETPROFIT,pass,2008-07-31,2009-07-31,242,True,ok,True,7323975372,,False
2009-08-31,000543,皖能电力,True,58602936.5,37079494.98,True,0.3850415512,0.03743665789,10.28514758,0.0519372602,1.05193726,99,False,0.0008301545518,,0,2009-06-30,2009-08-31,NETPROFIT,pass,2008-07-31,2009-07-31,243,True,ok,True,5441904843,,False
2009-08-31,600508,上海能源,True,278294924.2,834139971.9,True,0.3997844828,0.03892193413,10.27144441,0.05058394414,1.050583944,100,False,0.000762974678,,0,2009-06-30,2009-08-31,NETPROFIT,pass,2008-07-31,2009-07-31,242,True,ok,True,5001521206,,False
2009-08-31,600236,桂冠电力,True,277737657.2,531713729.1,True,0.3435483871,0.03456908011,9.938025138,0.01765567264,1.017655673,101,False,0.0008356343366,,0,2009-06-30,2009-08-31,NETPROFIT,pass,2008-07-31,2009-07-31,222,True,ok,True,5477826428,,False
2009-08-31,600516,方大炭素,True,93539425.61,449173314.4,True,0.404248045,0.04177265941,9.677335624,-0.008089854995,0.9919750656,102,False,0.0007433376423,,0,2009-06-30,2009-08-31,NETPROFIT,pass,2008-07-31,2009-07-31,241,True,ok,True,4872794718,,False
2009-08-31,600320,振华港机,True,423171791,2367984963,True,0.313542539,0.03250279503,9.64663312,-0.01112201441,0.9890003241,103,False,0.00380471081,,0,2009-06-30,2009-08-31,NETPROFIT,pass,2008-07-31,2009-07-31,237,True,ok,True,2.494098736e+10,,False
2009-08-31,000969,G安泰Ａ,True,45382127.43,163512533.9,True,0.4396766169,0.04662305902,9.430454076,-0.03247171691,0.9685495337,104,False,0.0008504544047,,0,2009-06-30,2009-08-31,NETPROFIT,pass,2008-07-31,2009-07-31,242,True,ok,True,5574976290,,False
2009-08-31,600028,中国石化,True,2.2931e+10,5.1772e+10,True,0.2848214286,0.03035570478,9.382797424,-0.03717825696,0.9641544193,105,False,0.02179065588,,0,2009-06-30,2009-08-31,NETPROFIT,pass,2008-07-31,2009-07-31,243,True,ok,True,1.428440951e+11,,False
2009-08-31,000089,深圳机场,True,134776010.3,461267317.3,True,0.24617737,0.02661178682,9.250689241,-0.05022517562,0.9521767552,106,False,0.0006665466928,,0,2009-06-30,2009-08-31,NETPROFIT,pass,2008-07-31,2009-07-31,242,True,ok,True,4369407682,,False
2009-08-31,601005,重庆钢铁,True,11784000,145985000,True,0.3234200743,0.03502465905,9.234067742,-0.05186670407,0.9506908015,107,False,0.0002883167105,,0,2009-06-30,2009-08-31,NETPROFIT,pass,2008-07-31,2009-07-31,241,True,ok,True,1890000000,,False
2009-08-31,600639,浦东金桥,True,59445398.6,287222345.5,True,0.3690007868,0.04043832912,9.125025559,-0.06263563946,0.9410563347,108,False,0.001080934135,,0,2009-06-30,2009-08-31,NETPROFIT,pass,2008-07-31,2009-07-31,242,True,ok,True,7085838045,,False
2009-08-31,601628,中国人寿,True,1.0702e+10,2.5227e+10,True,0.2902084153,0.03273762831,8.864674391,-0.0883477523,0.9188239677,109,False,0.005743451931,,0,2009-06-30,2009-08-31,NETPROFIT,pass,2008-07-31,2009-07-31,242,True,ok,True,3.765e+10,,False
2009-08-31,600109,成都建投,True,100416936.6,452824878.9,True,0.378890803,0.04341595259,8.726995041,-0.1019448757,0.9074864107,110,False,0.0007202527377,,0,2009-06-30,2009-08-31,NETPROFIT,pass,2008-07-31,2009-07-31,239,True,ok,True,4721466446,,False
2009-08-31,000728,国元证券,True,332791121.3,575277069.6,True,0.3957219251,0.04589767225,8.621829947,-0.1123309123,0.8990130445,111,False,0.0007706964306,,0,2009-06-30,2009-08-31,NETPROFIT,pass,2008-07-31,2009-07-31,242,True,ok,True,5052139543,,False
2009-08-31,600690,海尔智家,True,736386853.8,1201678754,True,0.2593266606,0.03051268415,8.49897896,-0.1244635963,0.8893129162,112,False,0.00164274196,,0,2009-06-30,2009-08-31,NETPROFIT,pass,2008-07-31,2009-07-31,242,True,ok,True,1.076865194e+10,,False
2009-08-31,600585,海螺水泥,True,911099706,2645338738,True,0.3112134345,0.03894263121,7.991587235,-0.1745732746,0.8513730234,113,False,0.006128368347,,0,2009-06-30,2009-08-31,NETPROFIT,pass,2008-07-31,2009-07-31,242,True,ok,True,4.01732392e+10,,False
2009-08-31,600018,上港集团,True,1234157516,4989633769,True,0.2557740991,0.03300829171,7.748783287,-0.1985524353,0.8343398007,114,False,0.006352271223,,0,2009-06-30,2009-08-31,NETPROFIT,pass,2008-07-31,2009-07-31,242,True,ok,True,4.164098776e+10,,False
2009-08-31,601390,中国中铁,True,2196813000,2442905000,True,0.2140350877,0.0279919151,7.646318122,-0.2086718287,0.8273544367,115,False,0.004243327882,,0,2009-06-30,2009-08-31,NETPROFIT,pass,2008-07-31,2009-07-31,242,True,ok,True,2.781625e+10,,False
2009-08-31,600653,申华控股,True,17277236.03,53219252.67,True,0.2682840687,0.03520283376,7.621092963,-0.211163049,0.8256526657,116,False,0.001036326108,,0,2009-06-30,2009-08-31,NETPROFIT,pass,2008-07-31,2009-07-31,242,True,ok,True,6793419433,,False
2009-08-31,600050,中国联通,True,3028238903,2.982214045e+10,True,0.2338144866,0.030853985,7.578096852,-0.2154093171,0.822768088,117,False,0.01962740264,,0,2009-06-30,2009-08-31,NETPROFIT,pass,2008-07-31,2009-07-31,241,True,ok,True,1.286633401e+11,,False
2009-08-31,000559,万向钱潮,True,47394116.15,263056611.2,True,0.2934973638,0.04026688488,7.288802316,-0.2439798581,0.8038715366,118,False,0.0004506919995,,0,2009-06-30,2009-08-31,NETPROFIT,pass,2008-07-31,2009-07-31,241,True,ok,True,2954417306,,False
2009-08-31,601998,中信银行,True,4080000000,1.2284e+10,True,0.2119983997,0.02957098421,7.169135737,-0.255798052,0.7963063793,119,False,0.001692573987,,0,2009-06-30,2009-08-31,NETPROFIT,pass,2008-07-31,2009-07-31,242,True,ok,True,1.109531539e+10,,False
2009-08-31,601988,中国银行,True,2.3948e+10,6.3806e+10,True,0.1804511278,0.02561994404,7.043384932,-0.2682171201,0.7885085165,120,False,0.09955246545,,0,2009-06-30,2009-08-31,NETPROFIT,pass,2008-07-31,2009-07-31,242,True,ok,True,6.525954024e+11,,False
2009-08-31,600635,大众公用,True,81950437.16,195130885.3,True,0.2787437919,0.04204364803,6.629866936,-0.3090558897,0.7639093242,121,False,0.002477288991,,0,2009-06-30,2009-08-31,NETPROFIT,pass,2008-07-31,2009-07-31,242,True,ok,True,1.623935076e+10,,False
2009-08-31,600380,健康元,True,196375682.4,338119806.2,True,0.2628951747,0.04004801531,6.564499456,-0.3155115397,0.7601605686,122,False,0.0006513098214,,0,2009-06-30,2009-08-31,NETPROFIT,pass,2008-07-31,2009-07-31,241,True,ok,True,4269525552,,False
2009-08-31,600664,哈药股份,True,241231317,952580133.6,True,0.1946202532,0.02966596874,6.56038759,-0.3159176249,0.7599259871,123,False,0.001933260542,,0,2009-06-30,2009-08-31,NETPROFIT,pass,2008-07-31,2009-07-31,220,True,ok,True,1.267308585e+10,,False
2009-08-31,000951,中国重汽,True,228214894.7,392110869.7,True,0.2703614458,0.04183558343,6.462475807,-0.3255873292,0.754382588,124,False,0.0004786079999,,0,2009-06-30,2009-08-31,NETPROFIT,pass,2008-07-31,2009-07-31,239,True,ok,True,3137414819,,False
2009-08-31,002202,金风科技,True,356821298.6,1422462773,True,0.2508196721,0.03883480116,6.458631553,-0.3259669853,0.7541665902,125,False,0.002556319595,,0,2009-06-30,2009-08-31,NETPROFIT,pass,2008-07-31,2009-07-31,238,True,ok,True,1.675741939e+10,,False
2009-08-31,002122,天马股份,True,158651710.2,613150115.1,True,0.1895234631,0.02986368227,6.346285813,-0.3370621778,0.7479083745,126,False,0.0005209471077,,0,2009-06-30,2009-08-31,NETPROFIT,pass,2008-07-31,2009-07-31,240,True,ok,True,3414960000,,False
2009-08-31,600600,青岛啤酒,True,461005838,994553744,True,0.1699070161,0.02680592425,6.338412901,-0.3378397015,0.7474737062,127,False,0.0009886545605,,0,2009-06-30,2009-08-31,NETPROFIT,pass,2008-07-31,2009-07-31,243,True,ok,True,6480918558,,False
2009-08-31,600550,G天威,True,245852141.6,917725656.8,True,0.2554963358,0.04035389748,6.331391804,-0.3385331005,0.7470864931,128,False,0.002723091959,,0,2009-06-30,2009-08-31,NETPROFIT,pass,2008-07-31,2009-07-31,239,True,ok,True,1.78506608e+10,,False
2009-08-31,600616,G食品,True,1686656.28,137797560.4,True,0.2039106145,0.0324704773,6.279877338,-0.3436206358,0.744257697,129,False,0.0007790450678,,0,2009-06-30,2009-08-31,NETPROFIT,pass,2008-07-31,2009-07-31,241,True,ok,True,5106867291,,False
2009-08-31,000933,神火股份,True,167540069.3,473227203.5,True,0.284319695,0.04534114764,6.270677074,-0.3445292479,0.7437547391,130,False,0.002572665968,,0,2009-06-30,2009-08-31,NETPROFIT,pass,2008-07-31,2009-07-31,242,True,ok,True,1.686457462e+10,,False
2009-08-31,000900,现代投资,True,167585640.3,604847158.6,True,0.1849755502,0.02979727123,6.207801672,-0.3507387819,0.7403355952,131,False,0.0008014635282,,0,2009-06-30,2009-08-31,NETPROFIT,pass,2008-07-31,2009-07-31,242,True,ok,True,5253826827,,False
2009-08-31,600782,新钢股份,True,18400291.66,357104599.1,True,0.2435294118,0.03944894146,6.173281278,-0.3541479937,0.7384717214,132,False,0.0003384017159,,0,2009-06-30,2009-08-31,NETPROFIT,pass,2008-07-31,2009-07-31,242,True,ok,True,2218321796,,False
2009-08-31,000937,金牛能源,True,426658902.7,2750986659,True,0.2833333333,0.04595893751,6.164923487,-0.3549734037,0.7380218662,133,False,0.003624060028,,0,2009-06-30,2009-08-31,NETPROFIT,pass,2008-07-31,2009-07-31,218,True,ok,True,2.375676887e+10,,False
2009-08-31,600015,华夏银行,True,963462167.7,2808498710,True,0.2252085264,0.03694874895,6.095159722,-0.361863228,0.7342881278,134,False,0.005120150865,,0,2009-06-30,2009-08-31,NETPROFIT,pass,2008-07-31,2009-07-31,243,True,ok,True,3.356408e+10,,False
2009-08-31,600216,浙江医药,True,215572197.2,875697153.5,True,0.2327780279,0.03838967946,6.063557477,-0.3649842452,0.7326091883,135,False,0.001977621359,,0,2009-06-30,2009-08-31,NETPROFIT,pass,2008-07-31,2009-07-31,241,True,ok,True,1.296388393e+10,,False
2009-08-31,000839,中信国安,True,523864799.5,807855091.5,True,0.2709459459,0.04532867053,5.977363615,-0.3734966953,0.7280687339,136,False,0.003737350643,,0,2009-06-30,2009-08-31,NETPROFIT,pass,2008-07-31,2009-07-31,243,True,ok,True,2.449942185e+10,,False
2009-08-31,601088,中国神华,True,9477000000,3.1257e+10,True,0.214038401,0.03596262808,5.95168964,-0.3760322404,0.7267271585,137,False,0.007655495131,,0,2009-06-30,2009-08-31,NETPROFIT,pass,2008-07-31,2009-07-31,243,True,ok,True,5.0184e+10,,False
2009-08-31,000039,中集集团,True,465274000,1492180000,True,0.1835973905,0.03166417626,5.798268332,-0.3911840294,0.7188121621,138,False,0.001868931292,,0,2009-06-30,2009-08-31,NETPROFIT,pass,2008-07-31,2009-07-31,240,True,ok,True,1.225138888e+10,,False
2009-08-31,600685,广船国际,True,114970321.1,550181170.6,True,0.2401940962,0.04229600493,5.678883778,-0.4029743708,0.7127713954,139,False,0.001263648892,,0,2009-06-30,2009-08-31,NETPROFIT,pass,2008-07-31,2009-07-31,242,True,ok,True,8283586485,,False
2009-08-31,600718,东软股份,True,174024827,551186722,True,0.2001834208,0.03588981438,5.577722378,-0.412965005,0.7077316115,140,False,0.0007028489883,,0,2009-06-30,2009-08-31,NETPROFIT,pass,2008-07-31,2009-07-31,233,True,ok,True,4607379800,,False
2009-08-31,600143,G金发,True,74641356.75,173738149.7,True,0.2443712246,0.04510241076,5.418141082,-0.4287251506,0.6999246843,141,False,0.0008464359187,,0,2009-06-30,2009-08-31,NETPROFIT,pass,2008-07-31,2009-07-31,241,True,ok,True,5548633944,,False
2009-08-31,002194,武汉凡谷,True,64017796.78,352245960.5,True,0.1510067533,0.02930765476,5.152468001,-0.4549628521,0.687302771,142,False,0.0003138003075,,0,2009-06-30,2009-08-31,NETPROFIT,pass,2008-07-31,2009-07-31,241,True,ok,True,2057052400,,False
2009-08-31,600269,赣粤高速,True,274749782.7,1277907882,True,0.1289701636,0.0260450856,4.951804176,-0.4747802815,0.6780671077,143,False,0.00243854788,,0,2009-06-30,2009-08-31,NETPROFIT,pass,2008-07-31,2009-07-31,241,True,ok,True,1.59853915e+10,,False
2009-08-31,600196,复星医药,True,187242419.4,604043158.1,True,0.1639097744,0.03318780232,4.938855935,-0.4760590414,0.6774796752,144,False,0.001685021658,,0,2009-06-30,2009-08-31,NETPROFIT,pass,2008-07-31,2009-07-31,240,True,ok,True,1.104580768e+10,,False
2009-08-31,600456,G宝钛,True,11866401.53,122704313.1,True,0.1960531961,0.04349228563,4.50776944,-0.5186328645,0.6584870006,145,False,0.0006389686209,,0,2009-06-30,2009-08-31,NETPROFIT,pass,2008-07-31,2009-07-31,242,True,ok,True,4188625389,,False
2009-08-31,600276,恒瑞医药,True,165615718.7,622764345.9,True,0.08991574116,0.02002161237,4.490934072,-0.5202955146,0.6577668555,146,False,0.003767852854,,0,2009-06-30,2009-08-31,NETPROFIT,pass,2008-07-31,2009-07-31,243,True,ok,True,2.469937272e+10,,False
2009-08-31,601939,建设银行,True,2.9565e+10,8.9791e+10,True,0.1216608302,0.02758943082,4.409689746,-0.5283191517,0.654313596,147,False,0.007056894723,,0,2009-06-30,2009-08-31,NETPROFIT,pass,2008-07-31,2009-07-31,242,True,ok,True,4.626e+10,,False
2009-08-31,601991,大唐发电,True,1032264000,897793000,True,0.1455142232,0.03334767246,4.363549611,-0.5328759215,0.6523685225,148,False,0.006132488162,,0,2009-06-30,2009-08-31,NETPROFIT,pass,2008-07-31,2009-07-31,241,True,ok,True,4.020024579e+10,,False
2009-08-31,000538,云南白药,True,153741135.5,530564753,True,0.09096331643,0.02141685725,4.247276589,-0.5443589698,0.6475178502,149,False,0.003038933947,,0,2009-06-30,2009-08-31,NETPROFIT,pass,2008-07-31,2009-07-31,234,True,ok,True,1.992109701e+10,,False
2009-08-31,600150,中国船舶,True,575528820.8,3501292471,True,0.159548228,0.03846303187,4.148092862,-0.5541542905,0.6434367592,150,False,0.002749211312,,0,2009-06-30,2009-08-31,NETPROFIT,pass,2008-07-31,2009-07-31,243,True,ok,True,1.802188077e+10,,False
2009-08-31,000858,五 粮 液,True,350620415.2,2141453770,True,0.1307692308,0.03204467497,4.080841228,-0.5607960184,0.6406987129,151,False,0.01248910359,,0,2009-06-30,2009-08-31,NETPROFIT,pass,2008-07-31,2009-07-31,240,True,ok,True,8.186971111e+10,,False
2009-08-31,000968,煤气化,True,55479935.77,382775677.1,True,0.1786363636,0.04433994207,4.028791092,-0.5659364561,0.6385955165,152,False,0.001340146309,,0,2009-06-30,2009-08-31,NETPROFIT,pass,2008-07-31,2009-07-31,237,True,ok,True,8785049332,,False
2009-08-31,601898,中煤能源,True,2259093000,6008884000,True,0.1541710142,0.03906897283,3.946124074,-0.5741005973,0.6352834131,153,False,0.002570112893,,0,2009-06-30,2009-08-31,NETPROFIT,pass,2008-07-31,2009-07-31,242,True,ok,True,1.684783847e+10,,False
2009-08-31,000301,东方盛虹,True,37030443.73,116704573,True,0.1437908497,0.03681136452,3.906153753,-0.5780480403,0.6336942694,154,False,0.001012828935,,0,2009-06-30,2009-08-31,NETPROFIT,pass,2008-07-31,2009-07-31,242,True,ok,True,6639388625,,False
2009-08-31,000528,桂柳工Ａ,True,218925455.7,346137325.4,True,0.1600762569,0.04129907336,3.876025389,-0.5810234981,0.6325016682,155,False,0.001522393867,,0,2009-06-30,2009-08-31,NETPROFIT,pass,2008-07-31,2009-07-31,241,True,ok,True,9979735144,,False
2009-08-31,600110,中科英华,True,872097.88,7763742.47,True,0.1458333333,0.04045841868,3.604523807,-0.6078368185,0.6219536638,156,False,0.0008483079771,,0,2009-06-30,2009-08-31,NETPROFIT,pass,2008-07-31,2009-07-31,239,True,ok,True,5560905832,,False
2009-08-31,600839,四川长虹,True,104323566.2,238772572.3,True,0.1117764471,0.03138096049,3.561919246,-0.6120444174,0.6203303018,157,False,0.001311599911,,0,2009-06-30,2009-08-31,NETPROFIT,pass,2008-07-31,2009-07-31,240,True,ok,True,8597919378,,False
2009-08-31,000652,G泰达,True,38972587.5,282217656.8,True,0.1424694708,0.04125637223,3.453271898,-0.6227743591,0.6162286176,158,False,0.00144750144,,0,2009-06-30,2009-08-31,NETPROFIT,pass,2008-07-31,2009-07-31,227,True,ok,True,9488793478,,False
2009-08-31,600100,清华同方,True,184068411.9,404371580.6,True,0.1318639946,0.03964286823,3.326298033,-0.6353142158,0.6115032759,159,False,0.002129716096,,0,2009-06-30,2009-08-31,NETPROFIT,pass,2008-07-31,2009-07-31,236,True,ok,True,1.396090922e+10,,False
2009-08-31,600812,华北制药,True,46508829.66,251574316.8,True,0.1191381496,0.03612632263,3.297821114,-0.6381265779,0.6104534372,160,False,0.001311750783,,0,2009-06-30,2009-08-31,NETPROFIT,pass,2008-07-31,2009-07-31,240,True,ok,True,8598908385,,False
2009-08-31,600033,福建高速,True,245910104.3,940888700.8,True,0.08675078864,0.02673152077,3.245262003,-0.6433172817,0.6085252137,161,False,0.0004706392439,,0,2009-06-30,2009-08-31,NETPROFIT,pass,2008-07-31,2009-07-31,242,True,ok,True,3085177302,,False
2009-08-31,600655,G豫园,True,148810779.9,426074528.4,True,0.1234537239,0.03830007889,3.223328189,-0.645483451,0.6077241308,162,False,0.002059838534,,0,2009-06-30,2009-08-31,NETPROFIT,pass,2008-07-31,2009-07-31,242,True,ok,True,1.350284145e+10,,False
2009-08-31,000876,新希望,True,230306206.8,388906373.8,True,0.1195952162,0.03776983458,3.166421498,-0.6511035189,0.605655544,163,False,0.001226192989,,0,2009-06-30,2009-08-31,NETPROFIT,pass,2008-07-31,2009-07-31,241,True,ok,True,8038052133,,False
2009-08-31,600970,中材国际,True,220051321.1,640107725.5,True,0.1192648672,0.03805930148,3.133658859,-0.6543391359,0.6044709808,164,False,0.001532050929,,0,2009-06-30,2009-08-31,NETPROFIT,pass,2008-07-31,2009-07-31,226,True,ok,True,1.004304e+10,,False
2009-08-31,000680,山推股份,True,118586156.4,352048318.2,True,0.1140583554,0.03643416474,3.130533011,-0.6546478426,0.604358205,165,False,0.0009550043909,,0,2009-06-30,2009-08-31,NETPROFIT,pass,2008-07-31,2009-07-31,238,True,ok,True,6260331896,,False
2009-08-31,600017,日照港,True,123034800.1,373465848.8,True,0.1223832528,0.04051738011,3.020512493,-0.6655133978,0.6004154643,166,False,0.0004026049037,,0,2009-06-30,2009-08-31,NETPROFIT,pass,2008-07-31,2009-07-31,235,True,ok,True,2639192389,,False
2009-08-31,600350,山东基建,True,249105741,1005769006,True,0.07647896645,0.02535296207,3.016569277,-0.6659028272,0.6002751083,167,False,0.000487089573,,0,2009-06-30,2009-08-31,NETPROFIT,pass,2008-07-31,2009-07-31,239,True,ok,True,3193014000,,False
2009-08-31,600352,浙江龙盛,True,203216641.3,433331691.9,True,0.1245581562,0.04185029518,2.976279036,-0.6698818654,0.5988447571,168,False,0.001560217489,,0,2009-06-30,2009-08-31,NETPROFIT,pass,2008-07-31,2009-07-31,239,True,ok,True,1.022768e+10,,False
2009-08-31,000423,东阿阿胶,True,85597347.63,325105342.9,True,0.08564102564,0.02892855483,2.960432214,-0.6714468872,0.5982840422,169,False,0.001342019916,,0,2009-06-30,2009-08-31,NETPROFIT,pass,2008-07-31,2009-07-31,242,True,ok,True,8797331371,,False
2009-08-31,601398,工商银行,True,3.1324e+10,1.12885e+11,True,0.06986533578,0.02440991109,2.862170842,-0.6811511167,0.5948305242,170,False,0.01019428394,,0,2009-06-30,2009-08-31,NETPROFIT,pass,2008-07-31,2009-07-31,242,True,ok,True,6.68265e+10,,False
2009-08-31,600066,宇通客车,True,139140781.7,284812333.7,True,0.09446494465,0.03476093569,2.717560468,-0.6954327437,0.5898199169,171,False,0.0007588668843,,0,2009-06-30,2009-08-31,NETPROFIT,pass,2008-07-31,2009-07-31,242,True,ok,True,4974593422,,False
2009-08-31,000690,宝新能源,True,182183599.2,329871734.4,True,0.1034482759,0.03816332115,2.71067278,-0.6961129672,0.5895833705,172,False,0.001357490968,,0,2009-06-30,2009-08-31,NETPROFIT,pass,2008-07-31,2009-07-31,240,True,ok,True,8898748619,,False
2009-08-31,600188,兖矿能源,True,1205864546,4478461720,True,0.1011470282,0.04131460362,2.448214899,-0.7220331376,0.5807089179,173,False,0.0008385897465,,0,2009-06-30,2009-08-31,NETPROFIT,pass,2008-07-31,2009-07-31,241,True,ok,True,5497200000,,False
2009-08-31,600169,太原重工,True,151702651,497378497.3,True,0.08597518426,0.03552400877,2.420199388,-0.7247999314,0.5797773885,174,False,0.0008055406299,,0,2009-06-30,2009-08-31,NETPROFIT,pass,2008-07-31,2009-07-31,241,True,ok,True,5280553417,,False
2009-08-31,600036,招商银行,True,4054000000,1.5963e+10,True,0.08003384095,0.03726252475,2.147837311,-0.7516982338,0.5708745837,175,False,0.03255833262,,0,2009-06-30,2009-08-31,NETPROFIT,pass,2008-07-31,2009-07-31,242,True,ok,True,2.134293519e+11,,False
2009-08-31,600271,航天信息,True,231050172.3,772252786,True,0.05512679162,0.02604098646,2.116924092,-0.7547512032,0.5698813588,176,False,0.002153799966,,0,2009-06-30,2009-08-31,NETPROFIT,pass,2008-07-31,2009-07-31,242,True,ok,True,1.4118786e+10,,False
2009-08-31,600500,中化国际,True,186654041,616014923.9,True,0.07624398074,0.03808642242,2.001867749,-0.7661140932,0.5662148351,177,False,0.002298286713,,0,2009-06-30,2009-08-31,NETPROFIT,pass,2008-07-31,2009-07-31,243,True,ok,True,1.50659387e+10,,False
2009-08-31,601186,中国铁建,True,1301066000,4443520000,True,0.04851485149,0.02720513168,1.7832978,-0.7876999198,0.5593779968,178,False,0.00328520874,,0,2009-06-30,2009-08-31,NETPROFIT,pass,2008-07-31,2009-07-31,242,True,ok,True,2.15355e+10,,False
2009-08-31,600588,用友网络,True,72227401,618169520,True,0.04686265109,0.02855738777,1.640999221,-0.8017532354,0.5550149601,179,False,0.001296179202,,0,2009-06-30,2009-08-31,NETPROFIT,pass,2008-07-31,2009-07-31,242,True,ok,True,8496832136,,False
2009-08-31,000012,南玻Ａ,True,219527648,329517394,True,0.06683480454,0.04303826145,1.552915993,-0.8104522779,0.5523481686,180,False,0.001185604661,,0,2009-06-30,2009-08-31,NETPROFIT,pass,2008-07-31,2009-07-31,242,True,ok,True,7771983822,,False
2009-08-31,601857,中国石油,True,3.3153e+10,1.17093e+11,True,0.03471784086,0.02404909681,1.443623482,-0.8212459357,0.5490746639,181,False,0.007810484432,,0,2009-06-30,2009-08-31,NETPROFIT,pass,2008-07-31,2009-07-31,242,True,ok,True,5.12e+10,,False
2009-08-31,601588,北辰实业,True,345841032,911045550,True,0.05465288035,0.04242683487,1.288167749,-0.8365986432,0.5444847755,182,False,0.001185302032,,0,2009-06-30,2009-08-31,NETPROFIT,pass,2008-07-31,2009-07-31,242,True,ok,True,7770000000,,False
2009-08-31,600308,华泰股份,True,108542247.8,200141698.4,True,0.04607250755,0.03821230014,1.205698358,-0.8447432668,0.542080851,183,False,0.000647562717,,0,2009-06-30,2009-08-31,NETPROFIT,pass,2008-07-31,2009-07-31,241,True,ok,True,4244962192,,False
2009-08-31,002038,双鹭药业,True,71405064.53,239992349.7,True,0.028125,0.02434722251,1.155162565,-0.849734149,0.5406182291,184,False,0.0007250249885,,0,2009-06-30,2009-08-31,NETPROFIT,pass,2008-07-31,2009-07-31,242,True,ok,True,4752749940,,False
2009-08-31,002024,苏宁电器,True,827046000,2426276000,True,0.01746133015,0.03448010188,0.5064175915,-0.9138037826,0.5225196068,185,False,0.006687551497,,0,2009-06-30,2009-08-31,NETPROFIT,pass,2008-07-31,2009-07-31,241,True,ok,True,4.383884759e+10,,False
2009-08-31,600085,同仁堂,True,122598519.2,394027951.6,True,0.01372997712,0.02729427939,0.5030349738,-0.9141378477,0.522428414,186,False,0.001264864378,,0,2009-06-30,2009-08-31,NETPROFIT,pass,2008-07-31,2009-07-31,243,True,ok,True,8291554346,,False
2009-08-31,600770,综艺股份,True,17111455.67,25887891.08,True,0.01643335362,0.04471053027,0.3675499602,-0.92751826,0.5188018297,187,False,0.0007605382941,,0,2009-06-30,2009-08-31,NETPROFIT,pass,2008-07-31,2009-07-31,242,True,ok,True,4985550000,,False
2009-08-31,600108,亚盛集团,True,23720611.4,152021922.9,True,0.01188118812,0.03759427663,0.3160371521,-0.9326056315,0.517436141,188,False,0.0009287157592,,0,2009-06-30,2009-08-31,NETPROFIT,pass,2008-07-31,2009-07-31,223,True,ok,True,6088002260,,False
2009-08-31,600835,上海机电,True,302838945.6,995565928.9,True,0.01205673759,0.03825268852,0.3151866719,-0.9326896244,0.5174136537,189,False,0.001375487034,,0,2009-06-30,2009-08-31,NETPROFIT,pass,2008-07-31,2009-07-31,242,True,ok,True,9016718074,,False
2009-08-31,601872,招商轮船,True,31491025,630744440,True,0.009404388715,0.03229069764,0.2912414225,-0.9350544417,0.5167813259,190,False,0.001161833163,,0,2009-06-30,2009-08-31,NETPROFIT,pass,2008-07-31,2009-07-31,243,True,ok,True,7616154728,,False
2009-08-31,600548,深高速,True,193772993.1,536267607.6,True,0.00823723229,0.03098759812,0.2658235162,-0.9375646977,0.5161117981,191,False,0.001110653327,,0,2009-06-30,2009-08-31,NETPROFIT,pass,2008-07-31,2009-07-31,241,True,ok,True,7280656000,,False
2009-08-31,000063,中兴通讯,True,762702000,2111248000,True,0.005661159412,0.03493017029,0.1620707648,-0.9478112523,0.5133967672,192,False,0.007386572284,,0,2009-06-30,2009-08-31,NETPROFIT,pass,2008-07-31,2009-07-31,241,True,ok,True,4.842113242e+10,,False
2009-08-31,000729,燕京啤酒,True,338455921.8,621178029.1,True,0.002554278416,0.0263162556,0.0970608606,-0.9542315883,0.5117100788,193,False,0.001013780617,,0,2009-06-30,2009-08-31,NETPROFIT,pass,2008-07-31,2009-07-31,242,True,ok,True,6645627175,,False
2009-08-31,600816,安信信托,True,8828701.49,29348680.32,True,0.002757859901,0.03968743825,0.06948949145,-0.9569545189,0.5109980791,194,False,0.001014972108,,0,2009-06-30,2009-08-31,NETPROFIT,pass,2008-07-31,2009-07-31,241,True,ok,True,6653437745,,False
2009-08-31,000917,电广传媒,True,35863225.58,107395558.5,True,-0.005266237566,0.03453287733,-0.1524992405,-0.9788779823,0.5053368671,195,False,0.000754622826,,0,2009-06-30,2009-08-31,NETPROFIT,pass,2008-07-31,2009-07-31,227,True,ok,True,4946772384,,False
2009-08-31,000100,TCL科技,True,121019599,171621009,True,-0.01834862385,0.03465471231,-0.5294698075,-1.016107351,0.4960053339,196,False,0.001287682784,,0,2009-06-30,2009-08-31,NETPROFIT,pass,2008-07-31,2009-07-31,238,True,ok,True,8441135642,,False
2009-08-31,600037,歌华有线,True,102305783.4,293109344.3,True,-0.02024922118,0.03524436823,-0.574537783,-1.020558236,0.4949127337,197,False,0.001682267496,,0,2009-06-30,2009-08-31,NETPROFIT,pass,2008-07-31,2009-07-31,243,True,ok,True,1.102775334e+10,,False
2009-08-31,000793,G燃气,True,77718742.03,285631200.5,True,-0.02618657938,0.03663077413,-0.7148792239,-1.034418265,0.4915410056,198,False,0.0009294173353,,0,2009-06-30,2009-08-31,NETPROFIT,pass,2008-07-31,2009-07-31,243,True,ok,True,6092601295,,False
2009-08-31,600674,川投能源,True,51734650.12,295763958.7,True,-0.03571428571,0.04362094832,-0.8187416159,-1.044675648,0.4890751259,199,False,0.0007710459486,,0,2009-06-30,2009-08-31,NETPROFIT,pass,2008-07-31,2009-07-31,214,True,ok,True,5054430735,,False
2009-08-31,600717,天津港,True,314461433.3,896832276.6,True,-0.03006442377,0.03132713827,-0.9596926314,-1.058595879,0.4857679986,200,False,0.001448113022,,0,2009-06-30,2009-08-31,NETPROFIT,pass,2008-07-31,2009-07-31,240,True,ok,True,9492802574,,False
2009-08-31,600009,上海机场,True,168904268.9,651330048.8,True,-0.03333333333,0.02921182606,-1.141090368,-1.076510602,0.4815771222,201,False,0.002261919334,,0,2009-06-30,2009-08-31,NETPROFIT,pass,2008-07-31,2009-07-31,243,True,ok,True,1.482753994e+10,,False
2009-08-31,000061,农产品,True,123701686.7,177987196,True,-0.04022876552,0.03330216762,-1.207992404,-1.083117804,0.4800496631,202,False,0.0007671734534,,0,2009-06-30,2009-08-31,NETPROFIT,pass,2008-07-31,2009-07-31,238,True,ok,True,5029045402,,False
2009-08-31,600601,方正科技,True,47720169.54,84620485.28,True,-0.04590353203,0.03543328016,-1.29549203,-1.09175921,0.4780664979,203,False,0.001040323326,,0,2009-06-30,2009-08-31,NETPROFIT,pass,2008-07-31,2009-07-31,242,True,ok,True,6819622362,,False
2009-08-31,000568,泸州老窖,True,324805735.9,1381906406,True,-0.04712198032,0.03327799256,-1.416010303,-1.103661517,0.4753616454,204,False,0.002896087077,,0,2009-06-30,2009-08-31,NETPROFIT,pass,2008-07-31,2009-07-31,243,True,ok,True,1.898469418e+10,,False
2009-08-31,000895,双汇发展,True,239707525.4,945287109.8,True,-0.04342522566,0.02866493697,-1.514924861,-1.113430255,0.4731644197,205,False,0.001704621423,,0,2009-06-30,2009-08-31,NETPROFIT,pass,2008-07-31,2009-07-31,242,True,ok,True,1.117428984e+10,,False
2009-08-31,600004,白云机场,True,140579395.4,515726935.9,True,-0.0462962963,0.03014967464,-1.535548786,-1.11546706,0.4727088494,206,False,0.001326950964,,0,2009-06-30,2009-08-31,NETPROFIT,pass,2008-07-31,2009-07-31,243,True,ok,True,8698550000,,False
2009-08-31,600582,天地科技,True,277331910.9,946055385.2,True,-0.07205139972,0.03667116434,-1.964797165,-1.157859352,0.4634222333,207,False,0.001046690695,,0,2009-06-30,2009-08-31,NETPROFIT,pass,2008-07-31,2009-07-31,241,True,ok,True,6861362318,,False
2009-08-31,600309,万华化学,True,370166916.3,1258957500,True,-0.08385416667,0.03794415227,-2.20993649,-1.182069153,0.458280618,208,False,0.00375026549,,0,2009-06-30,2009-08-31,NETPROFIT,pass,2008-07-31,2009-07-31,241,True,ok,True,2.458408243e+10,,False
2009-08-31,600583,海油工程,True,313650631.4,1338398281,True,-0.0712151894,0.03220851637,-2.211067054,-1.182180807,0.4582571696,209,False,0.004527791522,,0,2009-06-30,2009-08-31,NETPROFIT,pass,2008-07-31,2009-07-31,240,True,ok,True,2.9680992e+10,,False
2009-08-31,600008,首创股份,True,99484263.35,365542404.6,True,-0.08104738155,0.03641725041,-2.225521714,-1.18360834,0.4579575842,210,False,0.001986791977,,0,2009-06-30,2009-08-31,NETPROFIT,pass,2008-07-31,2009-07-31,240,True,ok,True,1.3024e+10,,False
2009-08-31,600519,贵州茅台,True,1650001688,4577662326,True,-0.06170458171,0.02642783604,-2.334832924,-1.194403844,0.4557046337,211,False,0.0215948548,,0,2009-06-30,2009-08-31,NETPROFIT,pass,2008-07-31,2009-07-31,243,True,ok,True,1.41560562e+11,,False
2009-08-31,600694,大商股份,True,69762698.6,77909548.71,True,-0.0916597853,0.03793516758,-2.416221969,-1.202441773,0.4540415152,212,False,0.00129427687,,0,2009-06-30,2009-08-31,NETPROFIT,pass,2008-07-31,2009-07-31,242,True,ok,True,8484361799,,False
2009-08-31,000912,泸天化,True,28745161.07,160686437.2,True,-0.1045655376,0.03795664827,-2.754867522,-1.235886189,0.4472499561,213,False,0.000368002644,,0,2009-06-30,2009-08-31,NETPROFIT,pass,2008-07-31,2009-07-31,241,True,ok,True,2412364500,,False
2009-08-31,600176,中国巨石,True,19171332.35,241351657.7,True,-0.1004524887,0.03545372996,-2.833340492,-1.243636129,0.445705071,214,False,0.00100665741,,0,2009-06-30,2009-08-31,NETPROFIT,pass,2008-07-31,2009-07-31,242,True,ok,True,6598932480,,False
2009-08-31,600638,新黄浦,True,68888354.99,182089277.1,True,-0.124852071,0.03942871095,-3.166526828,-1.276541396,0.439262823,215,False,0.001033249189,,0,2009-06-30,2009-08-31,NETPROFIT,pass,2008-07-31,2009-07-31,241,True,ok,True,6773249335,,False
2009-08-31,600026,中远海能,True,297349137.2,2806259260,True,-0.1408730159,0.04306114522,-3.271464685,-1.28690499,0.4372722103,216,False,0.003692617041,,0,2009-06-30,2009-08-31,NETPROFIT,pass,2008-07-31,2009-07-31,240,True,ok,True,2.420618006e+10,,False
2009-08-31,000422,湖北宜化,True,121326558.6,348990.71,True,-0.1404867257,0.04213096896,-3.334523965,-1.293132684,0.4360846657,217,False,0.001013754865,,0,2009-06-30,2009-08-31,NETPROFIT,pass,2008-07-31,2009-07-31,234,True,ok,True,6645458365,,False
2009-08-31,600598,北大荒,True,145435538.6,544068594.4,True,-0.136573244,0.04058313381,-3.365271017,-1.296169243,0.4355079675,218,False,0.003295418377,,0,2009-06-30,2009-08-31,NETPROFIT,pass,2008-07-31,2009-07-31,240,True,ok,True,2.160242715e+10,,False
2009-08-31,000999,华润三九,True,170051511.2,663830683.8,True,-0.08129619102,0.02413084016,-3.368974742,-1.296535021,0.4354386025,219,False,0.0008920001473,,0,2009-06-30,2009-08-31,NETPROFIT,pass,2008-07-31,2009-07-31,170,True,ok,True,5847320731,,False
2009-08-31,600837,都市股份,True,1482267471,3806143302,True,-0.1652710445,0.04837998197,-3.416103888,-1.301189464,0.4345578734,220,False,0.007815219464,,0,2009-06-30,2009-08-31,NETPROFIT,pass,2008-07-31,2009-07-31,241,True,ok,True,5.123103951e+10,,False
2009-08-31,600426,华鲁恒升,True,137335030.8,356527012.6,True,-0.1441190144,0.04216889355,-3.417661747,-1.301343318,0.4345288216,221,False,0.001310597381,,0,2009-06-30,2009-08-31,NETPROFIT,pass,2008-07-31,2009-07-31,238,True,ok,True,8591347500,,False
2009-08-31,002001,新和成,True,247179570,1045900652,True,-0.1742663657,0.03999113221,-4.357625205,-1.3941735,0.4176806735,222,False,0.001847469145,,0,2009-06-30,2009-08-31,NETPROFIT,pass,2008-07-31,2009-07-31,241,True,ok,True,1.211069826e+10,,False
2009-08-31,601808,中海油服,True,68185249,2596170538,True,-0.1611872146,0.03660698347,-4.403182107,-1.39867267,0.4168972334,223,False,0.001041864743,,0,2009-06-30,2009-08-31,NETPROFIT,pass,2008-07-31,2009-07-31,240,True,ok,True,6829726800,,False
2009-08-31,600737,中粮屯河,True,136836273.9,369047004.7,True,-0.1801359771,0.04063323484,-4.433217729,-1.401638969,0.4163823176,224,False,0.0009706769378,,0,2009-06-30,2009-08-31,NETPROFIT,pass,2008-07-31,2009-07-31,238,True,ok,True,6363070005,,False
2009-08-31,601006,大秦铁路,True,1372623662,5794710775,True,-0.133640553,0.0289855224,-4.610596669,-1.419156798,0.4133671702,225,False,0.01868728379,,0,2009-06-30,2009-08-31,NETPROFIT,pass,2008-07-31,2009-07-31,241,True,ok,True,1.225005873e+11,,False
2009-08-31,000488,晨鸣纸业,True,180726578.3,366002551.3,True,-0.1714285714,0.03546626657,-4.833566879,-1.441177192,0.4096384332,226,False,0.0009134083736,,0,2009-06-30,2009-08-31,NETPROFIT,pass,2008-07-31,2009-07-31,242,True,ok,True,5987657889,,False
2009-08-31,600874,创业环保,True,71746000,241328000,True,-0.2078977933,0.03894922727,-5.337661562,-1.490961256,0.4014514467,227,False,0.0009122030077,,0,2009-06-30,2009-08-31,NETPROFIT,pass,2008-07-31,2009-07-31,242,True,ok,True,5979756365,,False
2009-08-31,600779,全兴股份,True,6579592.91,285162784.9,True,-0.2284309343,0.03779893322,-6.043316963,-1.560651327,0.3905256407,228,False,0.0006487367886,,0,2009-06-30,2009-08-31,NETPROFIT,pass,2008-07-31,2009-07-31,241,True,ok,True,4252658573,,False
2009-08-31,600596,新安股份,True,109350846.1,749775330.5,True,-0.2463613774,0.03489159246,-7.060766219,-1.661133957,0.375779655,229,False,0.001362711712,,0,2009-06-30,2009-08-31,NETPROFIT,pass,2008-07-31,2009-07-31,242,True,ok,True,8932972117,,False
2009-08-31,600859,王府井,True,114721021.6,385126141,True,-0.2377072211,0.03269247089,-7.271008115,-1.68189731,0.3728703542,230,False,0.0008246494899,,0,2009-06-30,2009-08-31,NETPROFIT,pass,2008-07-31,2009-07-31,242,True,ok,True,5405817558,,False
2009-08-31,600158,中体产业,True,21163089.58,123713232.4,True,-0.4710111872,0.04870949678,-9.669801955,-1.918800637,0.3426064759,231,False,0.0006444017331,,0,2009-06-30,2009-08-31,NETPROFIT,pass,2008-07-31,2009-07-31,239,True,ok,True,4224241021,,False
2009-08-31,000024,招商地产,True,,,False,1.135778636,0.039633629,28.65694271,,,,False,0.002228645047,,0,,,,no financial statements,2008-07-31,2009-07-31,227,True,ok,False,1.46094173e+10,,False
2009-08-31,000046,泛海建设,True,,,False,0.8785340314,0.04392861496,19.99912886,,,,False,0.0008089800019,,0,,,,no financial statements,2008-07-31,2009-07-31,240,True,ok,False,5303099501,,False
2009-08-31,000060,中金岭南,True,102963425.8,-153651645,False,1.167448917,0.04285946181,27.23900085,,,,False,0.002377865074,,0,2009-06-30,2009-08-31,NETPROFIT,trailing 4Q sum <= 0,2008-07-31,2009-07-31,242,True,ok,False,1.558759804e+10,,False
2009-08-31,000527,美的电器,True,,,False,0.323089701,0.03600316127,8.973925889,,,,False,0.004825548419,,0,,,,no financial statements,2008-07-31,2009-07-31,235,True,ok,False,3.163287517e+10,,False
2009-08-31,000612,焦作万方,True,41392021.59,-79156612.66,False,0.1753926702,0.0452860446,3.872996012,,,,False,0.0007583439385,,0,2009-06-30,2009-08-31,NETPROFIT,trailing 4Q sum <= 0,2008-07-31,2009-07-31,241,True,ok,False,4971165360,,False
2009-08-31,000629,新钢钒,True,-472853321.6,-3590734930,False,-0.0511679644,0.02245708058,-2.278478016,,,,False,0.00387477445,,0,2009-06-30,2009-08-31,NETPROFIT,latest quarter <= 0; trailing 4Q sum <= 0,2008-07-31,2009-07-31,232,True,ok,False,2.540027492e+10,,False
2009-08-31,000667,名流置业,True,,,False,0.7108655617,0.03747800271,18.96754123,,,,False,0.00136456205,,0,,,,no financial statements,2008-07-31,2009-07-31,237,True,ok,False,8945101624,,False
2009-08-31,000717,韶钢松山,True,-48736580.21,-2271897455,False,0.593625498,0.03317702809,17.89266647,,,,False,0.0009326305779,,0,2009-06-30,2009-08-31,NETPROFIT,latest quarter <= 0; trailing 4Q sum <= 0,2008-07-31,2009-07-31,237,True,ok,False,6113665036,,False
2009-08-31,000725,京东方A,True,-402113877,-2543269957,False,-0.121835443,0.04716794043,-2.583013842,,,,False,0.001083491304,,0,2009-06-30,2009-08-31,NETPROFIT,latest quarter <= 0; trailing 4Q sum <= 0,2008-07-31,2009-07-31,236,True,ok,False,7102601031,,False
2009-08-31,000768,中航西飞,True,-34900179.55,177999962.1,False,0.9367504346,0.03959077025,23.66082874,,,,False,0.00367561713,,0,2009-06-30,2009-08-31,NETPROFIT,latest quarter <= 0,2008-07-31,2009-07-31,236,True,ok,False,2.409474069e+10,,False
2009-08-31,000792,盐湖股份,True,147227067.2,3042373123,True,-0.3138901498,,,,,,False,0.003117494763,,0,2009-06-30,2009-08-31,NETPROFIT,pass,2008-07-31,2009-07-31,122,False,traded < 150 days in window,False,2.043608604e+10,,False
2009-08-31,000807,云铝股份,True,10916612.87,-275764253.2,False,0.963356974,0.04238851669,22.72683852,,,,False,0.001038241991,,0,2009-06-30,2009-08-31,NETPROFIT,trailing 4Q sum <= 0,2008-07-31,2009-07-31,240,True,ok,False,6805978605,,False
2009-08-31,000822,山东海化,True,-122423530.5,-377114495.3,False,-0.1489817792,0.03688244782,-4.039367992,,,,False,0.0008574938378,,0,2009-06-30,2009-08-31,NETPROFIT,latest quarter <= 0; trailing 4Q sum <= 0,2008-07-31,2009-07-31,240,True,ok,False,5621121824,,False
2009-08-31,000825,太钢不锈,True,19242953.3,-1665767761,False,0.7087794433,0.03873027793,18.30039651,,,,False,0.002569442332,,0,2009-06-30,2009-08-31,NETPROFIT,trailing 4Q sum <= 0,2008-07-31,2009-07-31,241,True,ok,False,1.684344276e+10,,False
2009-08-31,000878,云南铜业,True,172583655,-3629377525,False,1.027984009,0.04745541976,21.66209917,,,,False,0.004128541922,,0,2009-06-30,2009-08-31,NETPROFIT,trailing 4Q sum <= 0,2008-07-31,2009-07-31,232,True,ok,False,2.70637946e+10,,False
2009-08-31,000897,津滨发展,True,-182517.25,24164269.92,False,0.1798502144,0.03666622953,4.905064326,,,,False,0.001132224863,,0,2009-06-30,2009-08-31,NETPROFIT,latest quarter <= 0,2008-07-31,2009-07-31,243,True,ok,False,7422063700,,False
2009-08-31,000898,鞍钢新轧,True,-1565000000,-4562000000,False,0.388,0.03757337856,10.32646025,,,,False,0.003056122921,,0,2009-06-30,2009-08-31,NETPROFIT,latest quarter <= 0; trailing 4Q sum <= 0,2008-07-31,2009-07-31,241,True,ok,False,2.003377574e+10,,False
2009-08-31,000932,华菱管线,True,-182736927.3,-299262498.7,False,0.4224924012,0.03685677782,11.46308566,,,,False,0.001093017969,,0,2009-06-30,2009-08-31,NETPROFIT,latest quarter <= 0; trailing 4Q sum <= 0,2008-07-31,2009-07-31,238,True,ok,False,7165051094,,False
2009-08-31,000959,首钢股份,True,-12481077.94,-160300119.3,False,0.4543524416,0.02956025486,15.3703831,,,,False,0.0008813393202,,0,2009-06-30,2009-08-31,NETPROFIT,latest quarter <= 0; trailing 4Q sum <= 0,2008-07-31,2009-07-31,241,True,ok,False,5777435906,,False
2009-08-31,000960,锡业股份,True,70345572.36,-381983268.3,False,0.5628609507,0.0486145073,11.57804495,,,,False,0.00116745958,,0,2009-06-30,2009-08-31,NETPROFIT,trailing 4Q sum <= 0,2008-07-31,2009-07-31,241,True,ok,False,7653037534,,False
2009-08-31,002244,滨江集团,True,-1393702.62,294744677.5,False,1.064234076,0.04219759952,25.22025157,,,,False,0.0005438346767,,0,2009-06-30,2009-08-31,NETPROFIT,latest quarter <= 0,2008-07-31,2009-07-31,241,True,ok,False,3564994680,,False
2009-08-31,002269,美邦服饰,True,77065534,638036128,True,,,,,,,False,0.0002785459775,,0,2009-06-30,2009-08-31,NETPROFIT,pass,2008-07-31,2009-07-31,221,False,no price 13 months before reference date,False,1825950000,,False
2009-08-31,600001,邯郸钢铁,True,,,False,0.6592427617,0.03124375076,21.09998786,,,,False,0.002105266834,,0,,,,no financial statements,2008-07-31,2009-07-31,160,True,ok,False,1.380063719e+10,,False
2009-08-31,600005,武钢股份,True,,,False,0.2305229456,0.03870041367,5.956601589,,,,False,0.003477192806,,0,,,,no financial statements,2008-07-31,2009-07-31,242,True,ok,False,2.279401146e+10,,False
2009-08-31,600010,包钢股份,True,-634126148.9,-932358043,False,0.3205128205,0.03106495829,10.31750365,,,,False,0.001664137253,,0,2009-06-30,2009-08-31,NETPROFIT,latest quarter <= 0; trailing 4Q sum <= 0,2008-07-31,2009-07-31,241,True,ok,False,1.090890432e+10,,False
2009-08-31,600011,华能国际,True,1115908189,-1200961541,False,0.3070301291,0.02917082625,10.52524623,,,,False,0.003156893138,,0,2009-06-30,2009-08-31,NETPROFIT,trailing 4Q sum <= 0,2008-07-31,2009-07-31,241,True,ok,False,2.069435386e+10,,False
2009-08-31,600019,宝钢股份,True,665633285.4,-2345642118,False,0.1947890819,0.03069124118,6.346731979,,,,False,0.01715057902,,0,2009-06-30,2009-08-29,NETPROFIT,trailing 4Q sum <= 0,2008-07-31,2009-07-31,242,True,ok,False,1.1242704e+11,,False
2009-08-31,600022,济南钢铁,True,-79407627.91,-1381769802,False,0.1795334307,0.03786947619,4.740848005,,,,False,0.002101449081,,0,2009-06-30,2009-08-31,NETPROFIT,latest quarter <= 0; trailing 4Q sum <= 0,2008-07-31,2009-07-31,237,True,ok,False,1.37756107e+10,,False
2009-08-31,600027,华电国际,True,482765000,-1766102000,False,0.3835920177,0.03040849609,12.61463298,,,,False,0.003417006737,,0,2009-06-30,2009-08-31,NETPROFIT,trailing 4Q sum <= 0,2008-07-31,2009-07-31,242,True,ok,False,2.239947426e+10,,False
2009-08-31,600029,南方航空,True,-170000000,-5543000000,False,0.3339724943,0.03989644685,8.3709834,,,,False,0.001203607855,,0,2009-06-30,2009-08-31,NETPROFIT,latest quarter <= 0; trailing 4Q sum <= 0,2008-07-31,2009-07-31,231,True,ok,False,7890000000,,False
2009-08-31,600058,五矿发展,True,51143555.49,-758982294.9,False,0.08069164265,0.04280699056,1.885010873,,,,False,0.00138304517,,0,2009-06-30,2009-08-31,NETPROFIT,trailing 4Q sum <= 0,2008-07-31,2009-07-31,242,True,ok,False,9066263856,,False
2009-08-31,600068,葛洲坝,True,,,False,0.6670838548,0.03360369661,19.85150213,,,,False,0.001256292953,,0,,,,no financial statements,2008-07-31,2009-07-31,239,True,ok,False,8235366163,,False
2009-08-31,600087,南京水运,True,,,False,-0.04358353511,0.03949140669,-1.103620731,,,,False,0.0007164543763,,0,,,,no financial statements,2008-07-31,2009-07-31,242,True,ok,False,4696567081,,False
2009-08-31,600096,云天化,True,-104489797.4,102847442.3,False,-0.5562903226,0.04301516146,-12.93242437,,,,False,0.0009798822524,,0,2009-06-30,2009-08-31,NETPROFIT,latest quarter <= 0,2008-07-31,2009-07-31,178,True,ok,False,6423413523,,False
2009-08-31,600102,莱钢股份,True,,,False,0.4330628803,0.03798738722,11.40017548,,,,False,0.0003452009902,,0,,,,no financial statements,2008-07-31,2009-07-31,226,True,ok,False,2262893019,,False
2009-08-31,600104,上汽集团,True,1288139392,-849225349.7,False,1.403403638,0.03791316889,37.01625792,,,,False,0.008225865676,,0,2009-06-30,2009-08-31,NETPROFIT,trailing 4Q sum <= 0,2008-07-31,2009-07-31,243,True,ok,False,5.392294502e+10,,False
2009-08-31,600111,北方稀土,True,-4416708.21,-193149220.6,False,0.3274985884,0.04744853792,6.902185035,,,,False,0.001521909256,,0,2009-06-30,2009-08-31,NETPROFIT,latest quarter <= 0; trailing 4Q sum <= 0,2008-07-31,2009-07-31,242,True,ok,False,9976558382,,False
2009-08-31,600117,西宁特钢,True,3147499.01,-126068454.1,False,0.2634146341,0.04249165466,6.199208674,,,,False,0.0005440657063,,0,2009-06-30,2009-08-31,NETPROFIT,trailing 4Q sum <= 0,2008-07-31,2009-07-31,241,True,ok,False,3566509146,,False
2009-08-31,600151,G航天,True,63841147.65,-6799010.64,False,0.6648724537,0.04372678773,15.20515199,,,,False,0.001276636177,,0,2009-06-30,2009-08-31,NETPROFIT,trailing 4Q sum <= 0,2008-07-31,2009-07-31,238,True,ok,False,8368721920,,False
2009-08-31,600220,江苏阳光,True,,,False,-0.1356164384,0.03988407484,-3.400265367,,,,False,0.0009192308314,,0,,,,no financial statements,2008-07-31,2009-07-31,238,True,ok,False,6025825796,,False
2009-08-31,600221,海航控股,True,146838000,-1720637000,False,0.1477927063,0.04085987964,3.617061715,,,,False,0.001159295221,,0,2009-06-30,2009-08-31,NETPROFIT,trailing 4Q sum <= 0,2008-07-31,2009-07-31,232,True,ok,False,7599517780,,False
2009-08-31,600251,冠农股份,True,-2664838.42,27001573.38,False,-0.2623526518,0.04399758121,-5.962888064,,,,False,0.001304717322,,0,2009-06-30,2009-08-31,NETPROFIT,latest quarter <= 0,2008-07-31,2009-07-31,241,True,ok,False,8552802000,,False
2009-08-31,600270,外运发展,True,,,False,-0.01912260967,0.03604455182,-0.530527048,,,,False,0.0003431943156,,0,,,,no financial statements,2008-07-31,2009-07-31,241,True,ok,False,2249738683,,False
2009-08-31,600282,南钢股份,True,43191215.63,-351082214.2,False,0.4692307692,0.03707889759,12.65492773,,,,False,0.0007516169513,,0,2009-06-30,2009-08-31,NETPROFIT,trailing 4Q sum <= 0,2008-07-31,2009-07-31,220,True,ok,False,4927068000,,False
2009-08-31,600299,星新材料,True,-76809492.62,-532234162.1,False,-0.1230207065,0.04374429531,-2.812268561,,,,False,0.0004829867743,,0,2009-06-30,2009-08-31,NETPROFIT,latest quarter <= 0; trailing 4Q sum <= 0,2008-07-31,2009-07-31,241,True,ok,False,3166118960,,False
2009-08-31,600331,宏达股份,True,87394966.36,-590613015.1,False,0.7855946399,0.04960705743,15.83634831,,,,False,0.001448747231,,0,2009-06-30,2009-08-31,NETPROFIT,trailing 4Q sum <= 0,2008-07-31,2009-07-31,241,True,ok,False,9496960000,,False
2009-08-31,600357,承德钒钛,True,,,False,0.2694174757,0.04076841757,6.608484994,,,,False,0.0006146193576,,0,,,,no financial statements,2008-07-31,2009-07-31,166,True,ok,False,4029008877,,False
2009-08-31,600428,中远航运,True,-807375.37,602498608.3,False,0.01311953353,0.04361880025,0.3007770377,,,,False,0.001875091921,,0,2009-06-30,2009-08-31,NETPROFIT,latest quarter <= 0,2008-07-31,2009-07-31,239,True,ok,False,1.22917736e+10,,False
2009-08-31,600432,吉恩镍业,True,,,False,1.172564537,0.04808172162,24.38690832,,,,False,0.003119490874,,0,,,,no financial statements,2008-07-31,2009-07-31,242,True,ok,False,2.044917113e+10,,False
2009-08-31,600569,安阳钢铁,True,-56125659.73,-844142828.6,False,0.42,0.03446736999,12.185438,,,,False,0.001527078996,,0,2009-06-30,2009-08-31,NETPROFIT,latest quarter <= 0; trailing 4Q sum <= 0,2008-07-31,2009-07-31,243,True,ok,False,1.001044753e+10,,False
2009-08-31,600595,中孚实业,True,63110026.97,-67773286.06,False,0.688058489,0.04332177952,15.88250752,,,,False,0.001349733437,,0,2009-06-30,2009-08-31,NETPROFIT,trailing 4Q sum <= 0,2008-07-31,2009-07-31,238,True,ok,False,8847895744,,False
2009-08-31,600597,光明乳业,True,35895840,-368840429,False,0.05799151344,0.04047284227,1.432850034,,,,False,0.0003507855682,,0,2009-06-30,2009-08-31,NETPROFIT,trailing 4Q sum <= 0,2008-07-31,2009-07-31,240,True,ok,False,2299501554,,False
2009-08-31,600631,百联股份,True,,,False,0.1041837572,0.03306742543,3.150646167,,,,False,0.00228929601,,0,,,,no financial statements,2008-07-31,2009-07-31,243,True,ok,False,1.500700203e+10,,False
2009-08-31,600643,爱建股份,True,34782785.73,-74635.82,False,0.2812803104,0.05005598214,5.619314582,,,,False,0.001134731208,,0,2009-06-30,2009-08-31,NETPROFIT,trailing 4Q sum <= 0,2008-07-31,2009-07-31,204,True,ok,False,7438493524,,False
2009-08-31,600688,上海石化,True,851928000,-4832888000,False,0.4916540212,0.0269845726,18.21981873,,,,False,0.001154365191,,0,2009-06-30,2009-08-31,NETPROFIT,trailing 4Q sum <= 0,2008-07-31,2009-07-31,243,True,ok,False,7567200000,,False
2009-08-31,600804,鹏博士,True,,,False,0.361643234,0.03965558693,9.119603617,,,,False,0.0006852631969,,0,,,,no financial statements,2008-07-31,2009-07-31,240,True,ok,False,4492099816,,False
2009-08-31,600808,马钢股份,True,152602321,-2322981633,False,0.2014787431,0.03427481609,5.87833185,,,,False,0.001365256979,,0,2009-06-30,2009-08-31,NETPROFIT,trailing 4Q sum <= 0,2008-07-31,2009-07-31,242,True,ok,False,8949657084,,False
2009-08-31,600811,东方集团,True,,,False,0.4263480577,0.03885242917,10.97352384,,,,False,0.001113221801,,0,,,,no financial statements,2008-07-31,2009-07-31,242,True,ok,False,7297493094,,False
2009-08-31,600832,东方明珠,True,,,False,0.5668073136,0.03405763916,16.64258967,,,,False,0.004360054019,,0,,,,no financial statements,2008-07-31,2009-07-31,242,True,ok,False,2.858142382e+10,,False
2009-08-31,600886,国投电力,True,-120727299.7,1037993180,False,0.6252490401,0.03246753305,19.25767009,,,,False,0.001381976346,,0,2009-06-30,2009-08-31,NETPROFIT,latest quarter <= 0,2008-07-31,2009-07-31,186,True,ok,False,9059257406,,False
2009-08-31,600900,长江电力,True,1144905165,4509060106,True,0.07440273038,,,,,,False,0.009953128713,,0,2009-06-30,2009-08-31,NETPROFIT,pass,2008-07-31,2009-07-31,52,False,traded < 150 days in window,False,6.524565724e+10,,False
2009-08-31,601111,中国国航,True,1984432000,-7468591000,False,-0.04995004995,0.04090575566,-1.221100775,,,,False,0.009072098273,,0,2009-06-30,2009-08-31,NETPROFIT,trailing 4Q sum <= 0,2008-07-31,2009-07-31,241,True,ok,False,5.947024613e+10,,False
2009-08-31,601168,西部矿业,True,20088999,-146254049,False,0.4647239264,0.04397405021,10.56814017,,,,False,0.003222914787,,0,2009-06-30,2009-08-31,NETPROFIT,trailing 4Q sum <= 0,2008-07-31,2009-07-31,239,True,ok,False,2.1127145e+10,,False
2009-08-31,601600,中国铝业,True,-1722984000,-6224041000,False,0.4818807407,0.03966941742,12.14741158,,,,False,0.007640366003,,0,2009-06-30,2009-08-31,NETPROFIT,latest quarter <= 0; trailing 4Q sum <= 0,2008-07-31,2009-07-31,240,True,ok,False,5.008482416e+10,,False
2009-08-31,601601,中国太保,True,1469000000,-503000000,False,0.4654353562,0.0365427594,12.73673263,,,,False,0.007720950138,,0,2009-06-30,2009-08-31,NETPROFIT,trailing 4Q sum <= 0,2008-07-31,2009-07-31,242,True,ok,False,5.061307663e+10,,False
2009-08-31,601727,上海电气,True,1113751000,3446378000,True,,,,,,,False,0.0008053721728,,0,2009-06-30,2009-08-31,NETPROFIT,pass,2008-07-31,2009-07-31,152,False,no price 13 months before reference date,False,5279449131,,False
2009-08-31,601766,中国中车,True,537807420,1573654654,True,,,,,,,False,0.002054828619,,0,2009-06-30,2009-08-31,NETPROFIT,pass,2008-07-31,2009-07-31,231,False,no price 13 months before reference date,False,1.347e+10,,False
2009-08-31,601866,中海集运,True,-2196750552,-4028343910,False,0.2380952381,0.03545076383,6.716223076,,,,False,0.001728776171,,0,2009-06-30,2009-08-31,NETPROFIT,latest quarter <= 0; trailing 4Q sum <= 0,2008-07-31,2009-07-31,241,True,ok,False,1.133263125e+10,,False
2009-08-31,601919,中远海控,True,-1047916023,-7194325603,False,-0.06139015728,0.04267837409,-1.438437115,,,,False,0.004084684889,,0,2009-06-30,2009-08-31,NETPROFIT,latest quarter <= 0; trailing 4Q sum <= 0,2008-07-31,2009-07-31,242,True,ok,False,2.677629898e+10,,False
