Date,Open,High,Low,Close
2005-09-30,1002.1912,1004.6408,931.6589,948.2067
2005-10-31,948.0207,957.1990,888.5685,905.7158
2005-11-30,905.3850,916.5271,875.9587,903.1835
2005-12-30,902.8114,965.3747,884.4651,954.4703
2006-01-25,957.6848,1043.5659,957.5297,1043.5142
2006-02-28,1047.4729,1092.7339,1046.8320,1088.3824
2006-03-31,1087.0904,1110.1189,1033.5194,1096.7339
2006-04-28,1097.6331,1213.3127,1097.6331,1211.7313
2006-05-31,1219.2041,1434.1809,1219.2041,1411.3178
2006-06-30,1410.0052,1460.5788,1312.1654,1440.7855
2006-07-31,1445.7261,1479.0078,1336.9819,1337.8088
2006-08-31,1336.1344,1394.5220,1263.0388,1383.6589
2006-09-29,1384.2997,1452.7752,1358.7287,1450.4083
2006-10-31,1468.0724,1513.6744,1450.1395,1513.6641
2006-11-30,1514.9044,1772.0827,1502.0775,1771.9483
2006-12-29,1777.0336,2121.8191,1763.2145,2109.6124
2007-01-31,2142.8941,2686.7700,2098.9767,2465.4677
2007-02-28,2429.5607,2810.8734,2272.7649,2630.0465
2007-03-30,2635.9276,2925.1473,2490.6667,2875.2248
2007-04-30,2887.8140,3688.5581,2887.8140,3678.2532
2007-05-31,3766.2119,4308.5581,3676.0930,4059.8966
2007-06-29,4085.8915,4436.3824,3355.7933,3890.5220
2007-07-31,3872.0207,4617.7261,3592.0103,4610.3979
2007-08-31,4629.7674,5485.7054,4414.5323,5474.7390
2007-09-28,5514.2636,5778.6563,5229.4160,5768.2791
2007-10-31,5894.8630,6089.6331,5443.2765,5879.6279
2007-11-30,5893.0129,5893.7571,4774.6873,4896.5478
2007-12-28,4873.3023,5572.7855,4847.0491,5517.6021
2008-01-31,5529.4677,5950.3049,4760.8682,4775.6072
2008-02-29,4778.9354,5232.3101,4542.2119,4831.5762
2008-03-31,4804.8992,4999.1318,3780.9199,3917.8605
2008-04-30,3903.1214,4103.9587,3227.2765,4092.1137
2008-05-30,4150.0879,4212.4858,3652.1654,3732.6408
2008-06-30,3721.1680,3773.1059,2782.2946,2885.6021
2008-07-31,2893.2300,3159.5969,2705.1783,2899.4419
2008-08-29,2879.7106,2965.0439,2350.2739,2471.9793
2008-09-26,2452.3411,2452.3411,1865.3953,2319.0284
2008-10-31,2280.6822,2280.6822,1661.6744,1719.5452
2008-11-28,1703.9380,2061.8295,1660.7028,1891.3902
2008-12-31,1885.0336,2178.3979,1860.2997,1878.7804
2009-01-23,1910.4186,2123.3385,1899.5762,2100.9612
2009-02-27,2121.3850,2553.6124,2097.9018,2212.3928
2009-03-31,2194.6977,2600.9096,2171.2041,2592.0310
2009-04-30,2604.5375,2804.4548,2539.9690,2711.0388
2009-05-27,2723.6486,2945.3643,2720.7235,2852.4134
2009-06-30,2892.9509,3303.0698,2892.9509,3272.8372
2009-07-31,3259.4729,3892.0827,3256.4858,3860.0724
2009-08-31,3880.3307,3930.8114,2920.6925,2925.3437
2009-09-30,2898.7907,3442.3049,2889.3953,3105.7468
2009-10-30,3182.1705,3551.8243,3174.4393,3390.5633
2009-11-30,3313.5297,3822.3566,3305.7468,3629.6331
2009-12-31,3625.3850,3796.1757,3407.0181,3695.7933
2010-01-29,3713.1473,3718.6047,3274.8941,3311.7933
2010-02-26,3305.6641,3412.0413,3198.5220,3391.9070
2010-03-31,3400.5271,3485.5504,3275.5556,3457.9948
2010-04-30,3462.4083,3551.7209,3115.3178,3170.4083
2010-05-31,3106.4496,3158.7390,2736.5375,2866.4186
2010-06-30,2847.8346,2889.2196,2632.3928,2649.1680
2010-07-30,2643.8450,2985.6331,2544.9096,2965.2196
2010-08-31,2964.6305,3075.1318,2893.2506,3000.7132
2010-09-30,3005.3333,3091.9276,2924.8165,3034.1809
2010-10-29,3065.2713,3617.3850,3062.7804,3493.5194
2010-11-30,3504.2997,3677.5090,3163.2455,3242.3669
2010-12-31,3232.3101,3393.0439,3126.8424,3233.3437
2011-01-31,3261.5607,3317.7261,3017.2196,3179.8553
2011-02-28,3187.0698,3378.8630,3125.9432,3348.3824
2011-03-31,3350.6047,3468.2067,3253.7054,3331.5659
2011-04-29,3335.9793,3494.0879,3252.8579,3299.9690
2011-05-31,3300.1034,3319.9587,3041.1990,3102.3876
2011-06-30,3096.7339,3161.3747,2958.5633,3146.3463
2011-07-29,3154.6460,3245.5814,3047.1111,3071.9173
2011-08-31,3068.8475,3091.5245,2787.6589,2942.4083
2011-09-30,2948.2067,2965.6331,2658.5943,2668.0620
2011-10-31,2675.2972,2820.8165,2584.4858,2785.8501
2011-11-30,2762.2842,2875.4419,2591.4005,2606.2222
2011-12-30,2683.3592,2719.0284,2343.2661,2424.5375
2012-01-31,2440.8269,2594.6667,2330.3049,2547.0388
2012-02-29,2540.8062,2784.3307,2504.8579,2722.6253
2012-03-30,2710.8424,2796.6408,2511.3488,2537.3643
2012-04-27,2531.4832,2732.5788,2523.2765,2714.3773
2012-05-31,2750.0465,2809.1266,2630.8424,2720.4548
2012-06-29,2722.0672,2743.0078,2498.6977,2544.2997
2012-07-31,2556.6408,2574.2119,2407.7623,2411.2868
2012-08-31,2410.4703,2494.4910,2262.2429,2278.9354
2012-09-28,2275.0594,2420.1757,2245.8708,2370.1395
2012-10-31,2368.9509,2426.7700,2302.4806,2330.5633
2012-11-30,2332.4134,2396.1034,2180.8372,2211.5349
2012-12-31,2208.4755,2607.7003,2172.7545,2607.7003
2013-01-31,2637.5297,2787.4729,2556.7959,2777.1370
2013-02-28,2767.1214,2885.0646,2650.8217,2763.1318
2013-03-29,2761.5917,2770.9044,2565.8811,2578.8941
2013-04-26,2569.9535,2627.8553,2497.7984,2529.5194
2013-05-31,2516.3824,2750.6253,2504.4755,2693.9845
2013-06-28,2693.5090,2714.1499,2091.1318,2274.5633
2013-07-31,2260.5581,2430.2016,2222.0052,2266.6873
2013-08-30,2280.1034,2504.4755,2274.5530,2391.6382
2013-09-30,2397.8915,2612.2791,2374.6253,2489.9638
2013-10-31,2487.2558,2566.5426,2406.0982,2453.4574
2013-11-29,2453.7054,2543.2145,2355.5659,2520.8682
2013-12-31,2505.3953,2570.1705,2335.4832,2408.2997
2014-01-30,2401.4780,2404.1240,2228.8992,2276.4341
2014-02-28,2260.8165,2410.0258,2205.2196,2252.1654
2014-03-31,2246.9354,2267.9276,2147.5556,2218.4083
2014-04-30,2215.7313,2367.6899,2203.3902,2231.1731
2014-05-30,2224.8992,2258.4496,2166.9354,2228.8992
2014-06-30,2230.1189,2270.1189,2188.4341,2237.8501
2014-07-31,2242.0672,2429.5090,2206.5116,2429.1990
2014-08-29,2419.8760,2460.7442,2387.2248,2416.8372
2014-09-30,2419.5659,2545.3953,2417.0853,2533.3230
2014-10-31,2543.5349,2596.5788,2441.0129,2592.5891
2014-11-28,2600.3307,2903.9173,2566.3876,2903.1731
2014-12-31,2920.5271,3661.3333,2898.4910,3652.4134
2015-01-30,3685.8811,3813.6951,3437.3953,3549.7571
2015-02-27,3473.0646,3715.5659,3396.3204,3692.8579
2015-03-31,3724.4961,4305.9638,3532.2894,4187.2868
2015-04-30,4193.7984,5001.6331,4182.8837,4909.4470
2015-05-29,4917.4574,5402.4186,4594.9251,5003.4419
2015-06-30,5026.1085,5561.1680,4135.3282,4623.2558
2015-07-31,4557.0853,4678.1705,3656.6718,3944.9096
2015-08-31,3892.5788,4251.3282,3051.1731,3479.6279
2015-09-30,3407.2661,3541.7571,3236.5581,3310.5426
2015-10-30,3436.6718,3742.3876,3404.6202,3652.7959
2015-11-30,3606.4393,4022.5013,3568.5995,3686.2119
2015-12-31,3681.9845,4058.5943,3654.9044,3856.3307
2016-01-29,3851.0181,3851.4109,2934.6667,3045.0543
2016-02-29,3037.7674,3233.2920,2915.9793,2974.1292
2016-03-31,2978.1292,3377.5504,2959.5039,3326.1912
2016-04-29,3321.6227,3407.2558,3211.7519,3262.7907
2016-05-31,3265.9638,3331.1421,3129.1370,3276.0310
2016-06-30,3279.5452,3309.3023,3135.8863,3259.8656
2016-07-29,3262.9767,3411.8760,3239.2972,3311.5556
2016-08-31,3303.8036,3533.5297,3262.7907,3439.5762
2016-09-30,3438.4910,3470.1395,3322.4186,3362.5633
2016-10-31,3375.0491,3496.4651,3368.4341,3448.3514
2016-11-30,3450.8630,3704.1034,3433.6744,3656.8475
2016-12-30,3663.0078,3696.0930,3376.7959,3421.2713
2017-01-26,3425.2713,3509.9535,3373.8605,3501.7674
2017-02-28,3504.8372,3610.2946,3459.8760,3568.7959
2017-03-31,3568.1757,3623.7519,3527.3282,3572.1447
2017-04-28,3593.1990,3645.2920,3513.7364,3555.2972
2017-05-31,3543.0698,3633.1576,3424.1757,3610.2119
2017-06-30,3602.2946,3800.0310,3576.6925,3789.9742
2017-07-31,3790.4186,3881.3333,3731.7416,3863.4315
2017-08-31,3864.3307,3996.8372,3767.5349,3950.4806
2017-09-29,3953.8398,3995.1318,3936.3101,3965.3747
2017-10-31,4041.4574,4168.8269,3984.9819,4141.3127
2017-11-30,4142.5426,4403.7623,4096.1550,4140.6718
2017-12-29,4138.0465,4224.2171,4088.3101,4166.2532
2018-01-31,4181.0956,4551.2558,4181.0956,4419.5349
2018-02-28,4419.9897,4431.4109,3885.4264,4158.8010
2018-03-30,4129.0646,4278.5840,3921.7158,4029.4574
2018-04-27,4027.9173,4091.6899,3832.6718,3883.0801
2018-05-31,3896.5685,4069.7261,3847.1008,3930.1085
2018-06-29,3916.9716,3989.5090,3531.7313,3628.9199
2018-07-31,3622.1809,3717.3230,3406.4393,3635.8243
2018-08-31,3648.6098,3662.6460,3316.8062,3446.5116
2018-09-28,3432.2377,3564.0930,3298.6047,3554.3773
2018-10-31,3474.4806,3477.4780,3110.5943,3259.7623
2018-11-30,3292.1964,3405.2713,3231.3075,3279.2661
2018-12-28,3370.2222,3383.6072,3064.4755,3111.7829
2019-01-31,3118.4186,3337.3333,3034.4496,3309.1783
2019-02-28,3334.0879,3888.4858,3315.4729,3792.6305
2019-03-29,3823.4832,4017.1370,3773.4470,4002.4186
2019-04-30,4032.2171,4264.6925,4005.6331,4044.6615
2019-05-31,3901.8915,3918.9767,3675.7209,3751.7209
2019-06-28,3762.9044,3985.6227,3676.5065,3954.0982
2019-07-31,4030.3152,4074.8630,3871.6796,3964.1964
2019-08-30,3947.6176,3977.5090,3695.9793,3927.2248
2019-09-30,3931.4625,4119.1111,3927.4625,3942.6667
2019-10-31,3946.8630,4117.6331,3932.8889,4017.3127
2019-11-29,4014.2739,4166.0362,3932.6408,3957.2817
2019-12-31,3964.3514,4235.8036,3939.6693,4234.1912
2020-01-23,4259.7933,4365.3850,4105.8295,4138.3979
2020-02-28,3762.1809,4325.0026,3762.1809,4072.4031
2020-03-31,4102.1602,4357.4677,3620.8682,3809.9845
2020-04-30,3805.9948,4053.4367,3775.0078,4044.0103
2020-05-29,3997.1680,4132.4031,3927.8346,3996.9199
2020-06-30,4032.7959,4314.6460,4032.7959,4303.8346
2020-07-31,4312.8062,5041.9432,4303.3592,4852.7649
2020-08-31,4894.9871,5065.8501,4719.6589,4978.0052
2020-09-30,4964.7442,5040.8372,4707.7209,4741.4987
2020-10-30,4820.2687,5012.5168,4795.1421,4853.0543
2020-11-30,4860.7235,5225.0026,4853.1680,5126.8734
2020-12-31,5129.8501,5390.8217,5012.2481,5386.3463
2021-01-29,5388.0413,5845.4574,5365.3127,5531.7416
2021-02-26,5536.7959,6130.1395,5497.5297,5516.0310
2021-03-31,5570.2842,5638.2119,5047.7106,5217.9432
2021-04-30,5229.9121,5355.1938,5064.9096,5295.5969
2021-05-31,5270.0775,5559.1525,5091.3902,5510.6667
2021-06-30,5499.1938,5532.4444,5228.4961,5399.5245
2021-07-30,5417.2610,5428.6925,4820.5685,4972.7855
2021-08-31,4955.8863,5229.7571,4879.4109,4967.0388
2021-09-30,4966.0879,5212.1964,4923.3075,5029.8501
2021-10-29,5080.8579,5170.6150,5003.3798,5073.6641
2021-11-30,5041.9948,5101.2817,4913.6951,4994.3463
2021-12-31,4994.2016,5316.6305,4985.9742,5106.3256
2022-01-28,5124.5271,5128.1137,4713.0026,4717.0749
2022-02-28,4794.3979,4829.6124,4639.2558,4735.5556
2022-03-31,4752.3101,4778.7390,4075.3075,4364.4444
2022-04-29,4339.8656,4434.8010,3883.2972,4151.1525
2022-05-31,4129.5607,4233.7984,3936.5065,4228.9612
2022-06-30,4223.8966,4666.6667,4194.2222,4635.6693
2022-07-29,4640.3307,4682.5013,4300.6408,4310.1809
2022-08-31,4300.4134,4364.6408,4182.5530,4215.8553
2022-09-30,4202.7804,4266.7804,3928.9716,3932.7028
2022-10-31,3934.4289,4000.2274,3613.3850,3626.5633
2022-11-30,3638.0568,4007.9380,3635.7829,3982.4703
2022-12-30,4053.0233,4137.7984,3933.7984,4001.6848
2023-01-31,3994.6667,4411.5245,3959.9483,4296.4961
2023-02-28,4310.2119,4348.7442,4161.7054,4206.1602
2023-03-31,4205.4057,4276.2274,4067.2041,4187.0078
2023-04-28,4195.9897,4309.7364,4057.3023,4164.4341
2023-05-31,4148.2894,4230.3359,3908.4238,3926.1395
2023-06-30,3915.8553,4101.3023,3904.6822,3971.5245
2023-07-31,3982.7287,4200.8889,3926.4083,4149.4884
2023-08-31,4143.8553,4194.5633,3819.1525,3891.7519
2023-09-28,3905.8501,3983.7313,3787.8760,3813.4574
2023-10-31,3802.5116,3836.1757,3566.5633,3692.5168
2023-11-30,3726.8837,3757.9225,3598.3979,3613.6434
2023-12-29,3611.5969,3611.5969,3394.3049,3546.3669
2024-01-31,3541.3643,3541.3643,3278.1705,3323.3592
2024-02-29,3309.8295,3639.9587,3212.7649,3634.1912
2024-03-29,3633.1370,3732.0310,3606.6047,3656.3101
2024-04-30,3670.8837,3768.2894,3586.6253,3725.4677
2024-05-31,3776.7959,3827.4212,3700.1757,3700.1757
2024-06-28,3697.5504,3746.7804,3556.2274,3577.9432
2024-07-31,3574.4289,3664.4341,3465.4264,3557.7054
2024-08-30,3558.8010,3564.1757,3379.3592,3433.0026
2024-09-30,3418.6460,4174.3669,3251.4625,4152.8165
2024-10-31,4599.8656,4599.8656,3891.6382,4021.7468
2024-11-29,4012.8786,4342.0258,3940.3824,4048.1447
2024-12-31,4041.0336,4236.0517,4030.7494,4067.0904
2025-01-27,4063.8966,4066.3566,3828.5375,3945.3023
2025-02-28,3973.8501,4130.1809,3912.3101,4020.7235
2025-03-31,4030.6977,4160.5168,3985.2506,4017.8915
2025-04-30,4023.5452,4036.4444,3632.1654,3897.2300
2025-05-30,3921.8398,4093.5607,3909.8501,3969.2300
2025-06-30,3962.2326,4102.5943,3955.6382,4068.2997
2025-07-31,4068.1240,4325.7984,4056.5581,4212.4961
2025-08-29,4206.6460,4668.5685,4173.5814,4647.8140
2025-09-30,4668.6098,4803.6899,4472.8786,4796.5788
2025-10-31,4818.7183,4921.7881,4641.7261,4796.5581
2025-11-28,4792.4858,4865.2506,4570.3463,4678.7183
2025-12-31,4691.6693,4833.2093,4634.9044,4785.4677
2026-01-30,4818.2119,4999.4315,4801.5194,4864.4341
2026-02-27,4831.2972,4926.6770,4732.0000,4868.8889
2026-03-31,4838.2532,4903.9793,4541.9018,4599.5349
2026-04-30,4669.0129,4991.4935,4569.1886,4968.7959
2026-05-29,5020.8269,5199.5039,4933.8811,5056.4548
2026-06-30,5062.4289,5234.3876,4834.6977,5146.6977
2026-07-31,5139.7313,5185.9225,4628.6408,4742.3256
2026-08-31,4715.0594,4903.3695,4674.9561,4780.4548
2026-09-09,4773.8811,4795.9483,4682.9561,4726.2016
